filename,ground_truth,native_lf_energy,native_mf_energy,native_hf_energy,native_uhf_energy,native_hf_lf_ratio,native_spectral_centroid,native_rolloff_85,downsampled_hf_energy,downsampled_hf_lf_ratio,downsampled_spectral_centroid,hf_energy_change_pct
WhatsApp Image 2026-09-17 at 3.38.18 PM (1).jpeg,REAL,0.914721,0.073762,0.011517,0.002411,0.012591,0.0792,0.1796,0.04177,0.049861,0.1139,262.68
WhatsApp Image 2026-09-17 at 3.38.18 PM (2).jpeg,REAL,0.995997,0.003504,0.000499,0.000117,0.000501,0.0104,0.0126,0.003306,0.003374,0.0326,562.53
WhatsApp Image 2026-09-17 at 3.38.18 PM.jpeg,REAL,0.984953,0.010822,0.004224,0.001006,0.004289,0.0157,0.0103,0.003752,0.003816,0.0235,-11.17
WhatsApp Image 2026-09-17 at 3.38.19 PM (1).jpeg,REAL,0.942046,0.048676,0.009278,0.0011,0.009848,0.0405,0.055,0.009819,0.010225,0.0453,5.83
WhatsApp Image 2026-09-17 at 3.38.19 PM (2).jpeg,REAL,0.996765,0.002581,0.000655,0.000142,0.000657,0.0088,0.0108,0.002585,0.002623,0.0258,294.66
WhatsApp Image 2026-09-17 at 3.38.19 PM.jpeg,REAL,0.994035,0.004439,0.001526,0.000682,0.001535,0.0131,0.0161,0.001704,0.001722,0.0265,11.66
WhatsApp Image 2026-09-17 at 3.38.21 PM (1).jpeg,REAL,0.982007,0.015029,0.002964,0.000463,0.003018,0.0194,0.0187,0.006506,0.006713,0.0376,119.5
WhatsApp Image 2026-09-17 at 3.38.21 PM (2).jpeg,REAL,0.996176,0.003309,0.000515,0.000133,0.000517,0.0108,0.0131,0.003569,0.003649,0.0351,593.01
WhatsApp Image 2026-09-17 at 3.38.21 PM.jpeg,REAL,0.990268,0.007975,0.001757,0.000318,0.001774,0.0157,0.0168,0.005572,0.005745,0.0399,217.13
WhatsApp Image 2026-09-17 at 3.38.22 PM (1).jpeg,REAL,0.993595,0.005828,0.000577,0.000103,0.000581,0.0156,0.022,0.005577,0.005779,0.0456,866.55
WhatsApp Image 2026-09-17 at 3.38.22 PM (2).jpeg,REAL,0.995382,0.003384,0.001234,0.00028,0.00124,0.0087,0.0088,0.002927,0.002977,0.027,137.2
WhatsApp Image 2026-09-17 at 3.38.22 PM (3).jpeg,REAL,0.989191,0.009452,0.001357,0.000204,0.001372,0.0172,0.02,0.006214,0.006429,0.0437,357.92
WhatsApp Image 2026-09-17 at 3.38.22 PM.jpeg,REAL,0.994506,0.004935,0.000559,0.0001,0.000562,0.0219,0.0366,0.014222,0.015037,0.0577,2444.19
WhatsApp Image 2026-09-17 at 3.40.06 PM (1).jpeg,REAL,0.995472,0.00383,0.000698,9.7e-05,0.000701,0.0112,0.0143,0.004226,0.004319,0.0383,505.44
WhatsApp Image 2026-09-17 at 3.40.06 PM.jpeg,REAL,0.99104,0.006863,0.002097,0.000347,0.002116,0.0106,0.0083,0.001754,0.001774,0.023,-16.36
WhatsApp Image 2026-09-17 at 3.44.10 PM (1).jpeg,REAL,0.991642,0.006958,0.0014,0.00028,0.001412,0.0153,0.0186,0.005939,0.00612,0.0456,324.21
WhatsApp Image 2026-09-17 at 3.44.10 PM (2).jpeg,REAL,0.992242,0.006418,0.001341,0.000266,0.001351,0.0154,0.0188,0.005063,0.005204,0.0482,277.55
WhatsApp Image 2026-09-17 at 3.44.10 PM (3).jpeg,REAL,0.981081,0.015771,0.003148,0.000479,0.003209,0.0152,0.0075,0.003471,0.003514,0.0228,10.26
WhatsApp Image 2026-09-17 at 3.44.10 PM (4).jpeg,REAL,0.990573,0.007859,0.001568,0.000287,0.001582,0.0107,0.008,0.002785,0.002821,0.0241,77.61
WhatsApp Image 2026-09-17 at 3.44.10 PM (7).jpeg,REAL,0.989678,0.008482,0.001839,0.000463,0.001858,0.0128,0.0099,0.004093,0.004168,0.0257,122.57
WhatsApp Image 2026-09-17 at 3.44.11 PM (1).jpeg,REAL,0.903613,0.07649,0.019896,0.004409,0.022019,0.0685,0.1525,0.018569,0.020105,0.0802,-6.67
WhatsApp Image 2026-09-17 at 3.44.11 PM (10).jpeg,REAL,0.994742,0.003999,0.001259,0.00039,0.001265,0.0134,0.0178,0.004229,0.004337,0.0454,235.9
WhatsApp Image 2026-09-17 at 3.44.11 PM (11).jpeg,REAL,0.991394,0.007335,0.00127,0.000331,0.001281,0.0139,0.0152,0.004312,0.004391,0.041,239.53
WhatsApp Image 2026-09-17 at 3.44.11 PM (12).jpeg,REAL,0.989669,0.008718,0.001614,0.000309,0.00163,0.0203,0.0303,0.005919,0.006156,0.0535,266.73
WhatsApp Image 2026-09-17 at 3.44.11 PM (13).jpeg,REAL,0.99439,0.0048,0.00081,0.000218,0.000814,0.0139,0.0191,0.004232,0.004346,0.0432,422.47
WhatsApp Image 2026-09-17 at 3.44.11 PM (14).jpeg,REAL,0.99721,0.002411,0.000379,6.9e-05,0.000381,0.0116,0.015,0.003151,0.00321,0.0386,731.4
WhatsApp Image 2026-09-17 at 3.44.11 PM (15).jpeg,REAL,0.980855,0.017939,0.001206,0.000312,0.001229,0.0301,0.0533,0.011635,0.012425,0.0663,864.76
WhatsApp Image 2026-09-17 at 3.44.11 PM (2).jpeg,REAL,0.995081,0.003551,0.001368,0.000433,0.001374,0.0094,0.0096,0.004107,0.004171,0.0299,200.22
WhatsApp Image 2026-09-17 at 3.44.11 PM (3).jpeg,REAL,0.966851,0.027706,0.005443,0.000967,0.005629,0.0338,0.0488,0.010124,0.01073,0.0673,86.0
WhatsApp Image 2026-09-17 at 3.44.11 PM (4).jpeg,REAL,0.992723,0.006592,0.000686,0.000142,0.000691,0.0132,0.015,0.004228,0.004336,0.0338,516.33
WhatsApp Image 2026-09-17 at 3.44.11 PM (5).jpeg,REAL,0.932698,0.050876,0.016426,0.003381,0.017611,0.0548,0.0995,0.016207,0.017601,0.0773,-1.33
WhatsApp Image 2026-09-17 at 3.44.11 PM (7).jpeg,REAL,0.995993,0.003679,0.000328,5e-05,0.000329,0.0099,0.0101,0.002998,0.003059,0.0293,814.02
WhatsApp Image 2026-09-17 at 3.44.11 PM (8).jpeg,REAL,0.979747,0.017531,0.002722,0.000505,0.002778,0.0265,0.0352,0.010648,0.011198,0.0609,291.18
WhatsApp Image 2026-09-17 at 3.44.11 PM.jpeg,REAL,0.994874,0.004462,0.000664,0.000211,0.000667,0.0097,0.0116,0.00292,0.002959,0.0318,339.76
WhatsApp Image 2026-09-17 at 3.50.51 PM.jpeg,AI,0.985282,0.014021,0.000697,0.000209,0.000708,0.0292,0.056,0.012884,0.013845,0.0675,1748.49
WhatsApp Image 2026-09-17 at 3.56.02 PM (1).jpeg,AI,0.981944,0.013812,0.004244,0.000855,0.004322,0.0258,0.0368,0.007952,0.008378,0.0629,87.37
WhatsApp Image 2026-09-17 at 3.56.02 PM (2).jpeg,AI,0.981169,0.014973,0.003857,0.001073,0.003931,0.0316,0.0513,0.010694,0.0115,0.0791,177.26
WhatsApp Image 2026-09-17 at 3.56.02 PM (3).jpeg,AI,0.993477,0.005489,0.001034,0.00028,0.001041,0.0156,0.0205,0.004481,0.004627,0.0467,333.37
WhatsApp Image 2026-09-17 at 3.56.02 PM.jpeg,AI,0.995835,0.003503,0.000662,0.00018,0.000665,0.0128,0.017,0.003454,0.003524,0.0386,421.75
WhatsApp Image 2026-09-17 at 4.13.17 PM (1).jpeg,AI,0.934134,0.050745,0.015121,0.00309,0.016187,0.0509,0.0877,0.013306,0.014161,0.0639,-12.0
WhatsApp Image 2026-09-17 at 4.13.17 PM (2).jpeg,AI,0.948216,0.042269,0.009515,0.001485,0.010034,0.0486,0.0813,0.01473,0.016097,0.0862,54.81
WhatsApp Image 2026-09-17 at 4.13.17 PM (3).jpeg,AI,0.936773,0.050709,0.012518,0.001457,0.013363,0.0523,0.094,0.016031,0.01739,0.0797,28.06
WhatsApp Image 2026-09-17 at 4.13.17 PM (4).jpeg,AI,0.973328,0.023533,0.00314,0.000349,0.003226,0.028,0.035,0.009103,0.009528,0.0568,189.9
WhatsApp Image 2026-09-17 at 4.13.17 PM (5).jpeg,AI,0.990993,0.007588,0.001419,0.000336,0.001432,0.0137,0.0152,0.004088,0.00416,0.0394,188.09
WhatsApp Image 2026-09-17 at 4.13.17 PM.jpeg,AI,0.98909,0.00884,0.00207,0.000577,0.002093,0.0166,0.0174,0.006715,0.006922,0.0442,224.4
WhatsApp Image 2026-09-17 at 4.13.18 PM (1).jpeg,AI,0.995965,0.0036,0.000435,8e-05,0.000437,0.018,0.0286,0.010305,0.010826,0.055,2268.97
WhatsApp Image 2026-09-17 at 4.13.18 PM (2).jpeg,AI,0.995562,0.003805,0.000633,9e-05,0.000636,0.0119,0.0153,0.004572,0.004683,0.041,622.27
WhatsApp Image 2026-09-17 at 4.13.18 PM (3).jpeg,AI,0.978973,0.0188,0.002227,0.0003,0.002275,0.0163,0.0076,0.003753,0.003797,0.0227,68.52
WhatsApp Image 2026-09-17 at 4.13.18 PM (4).jpeg,AI,0.972095,0.024088,0.003817,0.000604,0.003927,0.0239,0.0191,0.006803,0.006964,0.0415,78.23
WhatsApp Image 2026-09-17 at 4.13.18 PM (5).jpeg,AI,0.992397,0.006508,0.001095,0.000165,0.001104,0.0097,0.0079,0.00243,0.002456,0.0234,121.92
WhatsApp Image 2026-09-17 at 4.13.18 PM (6).jpeg,AI,0.918718,0.063121,0.018161,0.003379,0.019768,0.061,0.1282,0.017455,0.018722,0.0729,-3.89
WhatsApp Image 2026-09-17 at 4.13.18 PM.jpeg,AI,0.98762,0.011558,0.000823,0.000148,0.000833,0.0132,0.0125,0.003269,0.003327,0.0328,297.21
WhatsApp Image 2026-09-17 at 4.28.11 PM (1).jpeg,AI,0.99291,0.006551,0.000538,9.9e-05,0.000542,0.0158,0.0214,0.005366,0.005557,0.0453,897.4
WhatsApp Image 2026-09-17 at 4.28.11 PM (2).jpeg,AI,0.993619,0.004999,0.001381,0.000279,0.00139,0.0108,0.0115,0.003253,0.003321,0.0316,135.55
WhatsApp Image 2026-09-17 at 4.28.11 PM (3).jpeg,AI,0.991189,0.007671,0.00114,0.000173,0.00115,0.0155,0.0163,0.006276,0.00647,0.0395,450.53
WhatsApp Image 2026-09-17 at 4.28.11 PM (4).jpeg,AI,0.990994,0.007156,0.00185,0.000425,0.001867,0.0164,0.0188,0.005448,0.005593,0.056,194.49
WhatsApp Image 2026-09-17 at 4.28.11 PM (5).jpeg,AI,0.995415,0.004132,0.000452,7.5e-05,0.000454,0.0109,0.0129,0.003336,0.003401,0.0349,638.05
WhatsApp Image 2026-09-17 at 4.28.11 PM (6).jpeg,AI,0.987944,0.010496,0.00156,0.000198,0.001579,0.0182,0.0213,0.006046,0.006259,0.046,287.56
WhatsApp Image 2026-09-17 at 4.28.11 PM (7).jpeg,AI,0.938732,0.055191,0.006077,0.000745,0.006474,0.0471,0.0962,0.01538,0.016419,0.0613,153.09
WhatsApp Image 2026-09-17 at 4.28.11 PM.jpeg,AI,0.98661,0.011445,0.001946,0.000263,0.001972,0.0177,0.0186,0.005699,0.005865,0.0433,192.86
WhatsApp Image 2026-09-17 at 4.31.09 PM.jpeg,AI,0.996002,0.003544,0.000454,0.000116,0.000456,0.0099,0.0105,0.003194,0.003253,0.0311,603.52
WhatsApp Image 2026-09-17 at 4.37.12 PM (1).jpeg,AI,0.995064,0.004427,0.000509,0.000104,0.000512,0.0087,0.0071,0.003352,0.003407,0.0247,558.55
WhatsApp Image 2026-09-17 at 4.37.12 PM (2).jpeg,AI,0.979471,0.017596,0.002933,0.000397,0.002994,0.0202,0.0179,0.006657,0.00687,0.0369,126.97
WhatsApp Image 2026-09-17 at 4.37.12 PM (3).jpeg,AI,0.997682,0.001895,0.000423,0.00012,0.000424,0.0077,0.0112,0.000981,0.000988,0.0255,131.91
WhatsApp Image 2026-09-17 at 4.37.12 PM.jpeg,AI,0.997425,0.002083,0.000492,0.000151,0.000493,0.0057,0.0041,0.001824,0.00184,0.0177,270.73
WhatsApp Image 2026-09-17 at 4.39.57 PM (1).jpeg,AI,0.96518,0.031967,0.002853,0.000407,0.002956,0.0588,0.1321,0.041326,0.049977,0.1207,1348.51
WhatsApp Image 2026-09-17 at 4.39.57 PM.jpeg,AI,0.993432,0.005603,0.000965,0.000206,0.000971,0.0122,0.0135,0.004241,0.004336,0.0331,339.48
