filename,ground_truth,group_label,prob_e6c,pred_e6c,prob_e15,pred_e15,prob_e16,pred_e16,e15_global_prob,e15_strongest_local_prob,e15_local_probs,e15_attention_weights,e6c_global_prob,e6c_strongest_local_prob,e6c_local_probs,e6c_attention_weights,visual_category
WhatsApp Image 2026-09-17 at 3.50.51 PM.jpeg,AI,AI_TP,0.239013671875,Real,0.61474609375,AI,0.4268798828125,Real,0.460693359375,0.9775390625,"[0.6152, 0.8887, 0.5728, 0.9775]","[0.274, 0.191, 0.137, 0.261, 0.137]",0.270263671875,0.74267578125,"[0.1782, 0.2515, 0.2269, 0.7427]","[0.24, 0.194, 0.176, 0.216, 0.175]",portrait_orientation; high_edge_density
WhatsApp Image 2026-09-17 at 3.56.02 PM (1).jpeg,AI,AI_FN,0.06878662109375,Real,0.1790771484375,Real,0.123931884765625,Real,0.019989013671875,0.5537109375,"[0.5151, 0.0363, 0.5537, 0.0714]","[0.209, 0.251, 0.227, 0.182, 0.132]",0.004299163818359375,0.6640625,"[0.236, 0.0035, 0.6641, 0.0203]","[0.203, 0.239, 0.222, 0.179, 0.157]",landscape_orientation; strong_jpeg_blocking
WhatsApp Image 2026-09-17 at 3.56.02 PM (2).jpeg,AI,AI_FN,0.1802978515625,Real,0.348876953125,Real,0.26458740234375,Real,0.71533203125,0.71923828125,"[0.1514, 0.1047, 0.3237, 0.7192]","[0.222, 0.19, 0.209, 0.158, 0.221]",0.65625,0.6103515625,"[0.0201, 0.0433, 0.1445, 0.6104]","[0.212, 0.199, 0.203, 0.181, 0.205]",portrait_orientation; strong_jpeg_blocking
WhatsApp Image 2026-09-17 at 3.56.02 PM (3).jpeg,AI,AI_TP,0.73291015625,AI,0.67431640625,AI,0.70361328125,AI,0.88525390625,0.84423828125,"[0.4153, 0.6997, 0.8442, 0.771]","[0.266, 0.286, 0.196, 0.077, 0.175]",0.962890625,0.8017578125,"[0.3489, 0.8018, 0.3704, 0.7803]","[0.23, 0.242, 0.2, 0.135, 0.193]",portrait_orientation; strong_jpeg_blocking; low_edge_contrast
WhatsApp Image 2026-09-17 at 3.56.02 PM.jpeg,AI,AI_FN,0.07794189453125,Real,0.4375,Real,0.257720947265625,Real,0.869140625,0.446533203125,"[0.3093, 0.2372, 0.4465, 0.1797]","[0.245, 0.227, 0.266, 0.166, 0.097]",0.6982421875,0.09417724609375,"[0.0543, 0.0313, 0.0942, 0.0123]","[0.219, 0.213, 0.236, 0.189, 0.142]",portrait_orientation; strong_jpeg_blocking; low_edge_contrast
WhatsApp Image 2026-09-17 at 4.13.17 PM (1).jpeg,AI,AI_FN,0.0028896331787109375,Real,0.09124755859375,Real,0.04706859588623047,Real,0.184326171875,0.237548828125,"[0.0097, 0.0169, 0.1948, 0.2375]","[0.273, 0.163, 0.199, 0.177, 0.188]",0.01262664794921875,0.0097808837890625,"[0.0001, 0.001, 0.0098, 0.0042]","[0.223, 0.19, 0.201, 0.198, 0.187]",portrait_orientation; high_sharpness/complex_texture; strong_jpeg_blocking
WhatsApp Image 2026-09-17 at 4.13.17 PM (2).jpeg,AI,AI_TP,0.80419921875,AI,0.89453125,AI,0.849365234375,AI,0.853515625,0.92138671875,"[0.9019, 0.9058, 0.9214, 0.8066]","[0.242, 0.198, 0.204, 0.161, 0.196]",0.80859375,0.8955078125,"[0.8955, 0.7754, 0.6816, 0.5122]","[0.222, 0.203, 0.202, 0.177, 0.195]",portrait_orientation; high_sharpness/complex_texture
WhatsApp Image 2026-09-17 at 4.13.17 PM (3).jpeg,AI,AI_TP,0.7314453125,AI,0.955078125,AI,0.84326171875,AI,0.8662109375,0.974609375,"[0.9746, 0.9683, 0.9746, 0.9634]","[0.218, 0.215, 0.222, 0.173, 0.172]",0.50732421875,0.880859375,"[0.7739, 0.7427, 0.8291, 0.8809]","[0.199, 0.195, 0.214, 0.194, 0.198]",portrait_orientation; high_sharpness/complex_texture; strong_jpeg_blocking; high_edge_density
WhatsApp Image 2026-09-17 at 4.13.17 PM (4).jpeg,AI,AI_FN,0.169189453125,Real,0.4697265625,Real,0.3194580078125,Real,0.603515625,0.61962890625,"[0.2289, 0.3462, 0.1459, 0.6196]","[0.252, 0.232, 0.217, 0.166, 0.133]",0.446044921875,0.32763671875,"[0.0199, 0.3276, 0.003, 0.0502]","[0.22, 0.226, 0.202, 0.197, 0.155]",portrait_orientation; strong_jpeg_blocking
WhatsApp Image 2026-09-17 at 4.13.17 PM (5).jpeg,AI,AI_TP,0.55419921875,AI,0.8984375,AI,0.726318359375,AI,0.806640625,0.98974609375,"[0.9897, 0.0522, 0.96, 0.4341]","[0.244, 0.234, 0.2, 0.229, 0.093]",0.467529296875,0.9541015625,"[0.9541, 0.0028, 0.8564, 0.1212]","[0.219, 0.214, 0.188, 0.221, 0.157]",portrait_orientation; strong_jpeg_blocking; low_edge_contrast
WhatsApp Image 2026-09-17 at 4.13.17 PM.jpeg,AI,AI_FN,0.00014770030975341797,Real,0.012725830078125,Real,0.006436765193939209,Real,0.019500732421875,0.05242919921875,"[0.0007, 0.0524, 0.0166, 0.04]","[0.22, 0.209, 0.206, 0.107, 0.258]",0.0005931854248046875,0.0003514289855957031,"[0.0, 0.0004, 0.0002, 0.0002]","[0.217, 0.202, 0.204, 0.151, 0.226]",portrait_orientation; smooth/denoised_surface; strong_jpeg_blocking; low_edge_contrast; low_entropy/uniform_field
WhatsApp Image 2026-09-17 at 4.13.18 PM (1).jpeg,AI,AI_TP,0.6787109375,AI,0.796875,AI,0.73779296875,AI,0.72021484375,0.958984375,"[0.8848, 0.959, 0.6753, 0.1891]","[0.218, 0.232, 0.288, 0.116, 0.146]",0.35107421875,0.96044921875,"[0.9092, 0.9604, 0.2712, 0.0178]","[0.218, 0.208, 0.246, 0.153, 0.175]",portrait_orientation; smooth/denoised_surface; strong_jpeg_blocking; low_edge_contrast
WhatsApp Image 2026-09-17 at 4.13.18 PM (2).jpeg,AI,AI_TP,0.1646728515625,Real,0.5634765625,AI,0.36407470703125,Real,0.309814453125,0.94873046875,"[0.1981, 0.4021, 0.8521, 0.9487]","[0.246, 0.205, 0.176, 0.188, 0.186]",0.05224609375,0.83740234375,"[0.0158, 0.0146, 0.8032, 0.8374]","[0.222, 0.206, 0.199, 0.187, 0.187]",landscape_orientation; smooth/denoised_surface; strong_jpeg_blocking; low_edge_contrast
WhatsApp Image 2026-09-17 at 4.13.18 PM (3).jpeg,AI,AI_TP,0.277587890625,Real,0.83544921875,AI,0.5565185546875,AI,0.94921875,0.8994140625,"[0.4487, 0.8784, 0.7119, 0.8994]","[0.229, 0.178, 0.168, 0.235, 0.19]",0.72607421875,0.58251953125,"[0.1316, 0.5483, 0.0779, 0.5825]","[0.209, 0.195, 0.184, 0.222, 0.189]",portrait_orientation; strong_jpeg_blocking
WhatsApp Image 2026-09-17 at 4.13.18 PM (4).jpeg,AI,AI_TP,0.056121826171875,Real,0.61083984375,AI,0.3334808349609375,Real,0.76806640625,0.7275390625,"[0.7002, 0.4741, 0.7275, 0.0891]","[0.261, 0.207, 0.203, 0.133, 0.196]",0.11065673828125,0.1312255859375,"[0.1312, 0.0402, 0.0676, 0.0064]","[0.224, 0.208, 0.213, 0.166, 0.189]",portrait_orientation; strong_jpeg_blocking
WhatsApp Image 2026-09-17 at 4.13.18 PM (5).jpeg,AI,AI_TP,0.92431640625,AI,0.98291015625,AI,0.95361328125,AI,0.990234375,0.99609375,"[0.897, 0.7588, 0.9961, 0.9902]","[0.307, 0.149, 0.157, 0.204, 0.183]",0.96875,0.99267578125,"[0.3005, 0.2375, 0.9927, 0.9546]","[0.245, 0.179, 0.188, 0.197, 0.192]",portrait_orientation; strong_jpeg_blocking; low_edge_contrast
WhatsApp Image 2026-09-17 at 4.13.18 PM (6).jpeg,AI,AI_TP,0.61865234375,AI,0.92822265625,AI,0.7734375,AI,0.888671875,0.97265625,"[0.915, 0.9727, 0.6523, 0.9624]","[0.262, 0.215, 0.194, 0.176, 0.152]",0.0782470703125,0.93408203125,"[0.7046, 0.9341, 0.1412, 0.8364]","[0.243, 0.2, 0.189, 0.194, 0.173]",portrait_orientation; high_sharpness/complex_texture; high_edge_density
WhatsApp Image 2026-09-17 at 4.13.18 PM.jpeg,AI,AI_TP,0.476318359375,Real,0.720703125,AI,0.5985107421875,AI,0.8740234375,0.88427734375,"[0.8794, 0.3284, 0.8843, 0.0361]","[0.314, 0.193, 0.242, 0.094, 0.157]",0.908203125,0.72998046875,"[0.73, 0.1976, 0.1545, 0.0018]","[0.251, 0.2, 0.218, 0.143, 0.188]",portrait_orientation; strong_jpeg_blocking
WhatsApp Image 2026-09-17 at 4.28.11 PM (1).jpeg,AI,AI_TP,0.5712890625,AI,0.64794921875,AI,0.609619140625,AI,0.88818359375,0.74365234375,"[0.7437, 0.5996, 0.5596, 0.5117]","[0.153, 0.254, 0.314, 0.121, 0.158]",0.71875,0.8037109375,"[0.8037, 0.6372, 0.0776, 0.126]","[0.183, 0.228, 0.254, 0.156, 0.179]",portrait_orientation; smooth/denoised_surface; strong_jpeg_blocking; low_edge_contrast
WhatsApp Image 2026-09-17 at 4.28.11 PM (2).jpeg,AI,AI_FN,0.004772186279296875,Real,0.1495361328125,Real,0.07715415954589844,Real,0.1353759765625,0.927734375,"[0.0188, 0.121, 0.9277, 0.1991]","[0.322, 0.291, 0.169, 0.158, 0.06]",0.010528564453125,0.6416015625,"[0.0001, 0.0031, 0.6416, 0.0067]","[0.249, 0.265, 0.194, 0.172, 0.121]",portrait_orientation; strong_jpeg_blocking; low_edge_contrast
WhatsApp Image 2026-09-17 at 4.28.11 PM (3).jpeg,AI,AI_FN,0.0015974044799804688,Real,0.0843505859375,Real,0.042973995208740234,Real,0.0271148681640625,0.2421875,"[0.2307, 0.2422, 0.0071, 0.1002]","[0.267, 0.228, 0.182, 0.159, 0.165]",0.0008897781372070312,0.011871337890625,"[0.0114, 0.0119, 0.0, 0.0017]","[0.219, 0.231, 0.195, 0.178, 0.177]",portrait_orientation; strong_jpeg_blocking
WhatsApp Image 2026-09-17 at 4.28.11 PM (4).jpeg,AI,AI_FN,0.001995086669921875,Real,0.055938720703125,Real,0.028966903686523438,Real,0.1611328125,0.06805419921875,"[0.0609, 0.0157, 0.0681, 0.0648]","[0.243, 0.231, 0.207, 0.147, 0.172]",0.0173797607421875,0.0033111572265625,"[0.0033, 0.0001, 0.0022, 0.0016]","[0.203, 0.216, 0.2, 0.189, 0.192]",portrait_orientation; smooth/denoised_surface; strong_jpeg_blocking; low_edge_contrast; low_entropy/uniform_field
WhatsApp Image 2026-09-17 at 4.28.11 PM (5).jpeg,AI,AI_FN,0.08447265625,Real,0.429443359375,Real,0.2569580078125,Real,0.1702880859375,0.94384765625,"[0.4722, 0.0207, 0.9438, 0.6089]","[0.193, 0.188, 0.245, 0.158, 0.216]",0.007549285888671875,0.82080078125,"[0.2156, 0.0005, 0.8208, 0.5718]","[0.21, 0.196, 0.225, 0.171, 0.198]",portrait_orientation; smooth/denoised_surface; strong_jpeg_blocking; low_edge_contrast
WhatsApp Image 2026-09-17 at 4.28.11 PM (6).jpeg,AI,AI_TP,0.32373046875,Real,0.56884765625,AI,0.4462890625,Real,0.46875,0.91015625,"[0.4028, 0.9102, 0.7471, 0.1089]","[0.258, 0.191, 0.259, 0.14, 0.153]",0.4775390625,0.82421875,"[0.2233, 0.8242, 0.4268, 0.0126]","[0.218, 0.202, 0.229, 0.172, 0.179]",portrait_orientation; strong_jpeg_blocking; low_edge_contrast
WhatsApp Image 2026-09-17 at 4.28.11 PM (7).jpeg,AI,AI_FN,0.0060272216796875,Real,0.07354736328125,Real,0.03978729248046875,Real,0.0143890380859375,0.3642578125,"[0.1483, 0.0489, 0.3643, 0.0349]","[0.215, 0.219, 0.188, 0.168, 0.211]",0.0006070137023925781,0.0592041015625,"[0.0232, 0.0045, 0.0592, 0.0037]","[0.204, 0.197, 0.213, 0.179, 0.207]",portrait_orientation; high_sharpness/complex_texture; high_edge_density
WhatsApp Image 2026-09-17 at 4.28.11 PM.jpeg,AI,AI_FN,0.014556884765625,Real,0.412109375,Real,0.2133331298828125,Real,0.90966796875,0.5087890625,"[0.5088, 0.1103, 0.2437, 0.0659]","[0.229, 0.234, 0.209, 0.168, 0.159]",0.365234375,0.018829345703125,"[0.0094, 0.0024, 0.0188, 0.0009]","[0.209, 0.215, 0.212, 0.182, 0.182]",portrait_orientation; strong_jpeg_blocking; low_edge_contrast
WhatsApp Image 2026-09-17 at 4.31.09 PM.jpeg,AI,AI_FN,0.10821533203125,Real,0.3984375,Real,0.253326416015625,Real,0.62158203125,0.8271484375,"[0.8271, 0.3203, 0.353, 0.2418]","[0.233, 0.232, 0.223, 0.184, 0.128]",0.3408203125,0.206298828125,"[0.2063, 0.0257, 0.1525, 0.017]","[0.213, 0.221, 0.216, 0.185, 0.164]",portrait_orientation; smooth/denoised_surface; strong_jpeg_blocking; low_edge_contrast
WhatsApp Image 2026-09-17 at 4.37.12 PM (1).jpeg,AI,AI_FN,0.0022869110107421875,Real,0.1544189453125,Real,0.0783529281616211,Real,0.67724609375,0.69189453125,"[0.0011, 0.0712, 0.0105, 0.6919]","[0.28, 0.134, 0.187, 0.203, 0.197]",0.041839599609375,0.1749267578125,"[0.0, 0.0007, 0.0001, 0.1749]","[0.244, 0.16, 0.199, 0.197, 0.2]",portrait_orientation; smooth/denoised_surface; strong_jpeg_blocking; low_edge_contrast
WhatsApp Image 2026-09-17 at 4.37.12 PM (2).jpeg,AI,AI_TP,0.372314453125,Real,0.849609375,AI,0.6109619140625,AI,0.955078125,0.982421875,"[0.3149, 0.2573, 0.9824, 0.9497]","[0.221, 0.221, 0.229, 0.167, 0.162]",0.78125,0.771484375,"[0.0157, 0.0571, 0.7715, 0.7188]","[0.202, 0.221, 0.211, 0.189, 0.177]",portrait_orientation; strong_jpeg_blocking
WhatsApp Image 2026-09-17 at 4.37.12 PM (3).jpeg,AI,AI_FN,0.001972198486328125,Real,0.1658935546875,Real,0.08393287658691406,Real,0.036285400390625,0.38134765625,"[0.3813, 0.2269, 0.2612, 0.3523]","[0.255, 0.194, 0.269, 0.13, 0.152]",0.0005931854248046875,0.007518768310546875,"[0.0075, 0.0021, 0.0033, 0.0019]","[0.226, 0.201, 0.236, 0.161, 0.176]",portrait_orientation; strong_jpeg_blocking; low_edge_contrast
WhatsApp Image 2026-09-17 at 4.37.12 PM.jpeg,AI,AI_FN,0.0006613731384277344,Real,0.100341796875,Real,0.05050158500671387,Real,0.049041748046875,0.87451171875,"[0.2079, 0.0043, 0.8745, 0.1254]","[0.176, 0.244, 0.221, 0.23, 0.128]",0.001155853271484375,0.046295166015625,"[0.001, 0.0, 0.0463, 0.0032]","[0.181, 0.218, 0.23, 0.211, 0.159]",portrait_orientation; smooth/denoised_surface; strong_jpeg_blocking; low_edge_contrast; low_entropy/uniform_field
WhatsApp Image 2026-09-17 at 4.39.57 PM (1).jpeg,AI,AI_TP,0.87158203125,AI,0.92626953125,AI,0.89892578125,AI,0.78369140625,0.96826171875,"[0.7534, 0.9121, 0.9683, 0.9678]","[0.239, 0.184, 0.12, 0.236, 0.22]",0.09722900390625,0.95849609375,"[0.6602, 0.875, 0.9585, 0.9575]","[0.225, 0.205, 0.167, 0.203, 0.2]",portrait_orientation; high_edge_density
WhatsApp Image 2026-09-17 at 4.39.57 PM.jpeg,AI,AI_FN,0.03912353515625,Real,0.249267578125,Real,0.144195556640625,Real,0.35302734375,0.39990234375,"[0.1389, 0.3279, 0.3999, 0.0517]","[0.244, 0.177, 0.242, 0.202, 0.136]",0.0247039794921875,0.257568359375,"[0.0055, 0.2576, 0.1467, 0.0069]","[0.227, 0.192, 0.215, 0.202, 0.163]",portrait_orientation; strong_jpeg_blocking; low_edge_contrast
WhatsApp Image 2026-09-17 at 3.38.18 PM (1).jpeg,Real,REAL_FP,0.53662109375,AI,0.791015625,AI,0.663818359375,AI,0.28759765625,0.880859375,"[0.6914, 0.8809, 0.8423, 0.7598]","[0.233, 0.184, 0.162, 0.232, 0.189]",0.01078033447265625,0.80859375,"[0.52, 0.8086, 0.4497, 0.2986]","[0.218, 0.203, 0.181, 0.205, 0.193]",portrait_orientation; high_sharpness/complex_texture; high_edge_density
WhatsApp Image 2026-09-17 at 3.38.18 PM (2).jpeg,Real,REAL_TN,0.0244293212890625,Real,0.1885986328125,Real,0.10651397705078125,Real,0.10174560546875,0.368896484375,"[0.0592, 0.1835, 0.3689, 0.0945]","[0.247, 0.192, 0.237, 0.208, 0.115]",0.0295867919921875,0.06817626953125,"[0.0015, 0.0682, 0.0182, 0.0065]","[0.221, 0.208, 0.214, 0.207, 0.15]",portrait_orientation; smooth/denoised_surface; strong_jpeg_blocking; low_edge_contrast
WhatsApp Image 2026-09-17 at 3.38.18 PM.jpeg,Real,REAL_TN,5.066394805908203e-06,Real,0.0016164779663085938,Real,0.000810772180557251,Real,0.0028553009033203125,0.0531005859375,"[0.0001, 0.0033, 0.0002, 0.0531]","[0.239, 0.185, 0.229, 0.2, 0.147]",8.285045623779297e-06,0.0005860328674316406,"[0.0, 0.0, 0.0, 0.0006]","[0.229, 0.195, 0.219, 0.185, 0.172]",portrait_orientation; high_sharpness/complex_texture; strong_jpeg_blocking; low_edge_contrast
WhatsApp Image 2026-09-17 at 3.38.19 PM (1).jpeg,Real,REAL_TN,0.046630859375,Real,0.2073974609375,Real,0.12701416015625,Real,0.147216796875,0.5322265625,"[0.5005, 0.1158, 0.5322, 0.061]","[0.245, 0.181, 0.21, 0.165, 0.198]",0.024932861328125,0.2489013671875,"[0.1448, 0.0326, 0.2489, 0.0108]","[0.216, 0.188, 0.211, 0.181, 0.205]",portrait_orientation; high_sharpness/complex_texture; high_edge_density
WhatsApp Image 2026-09-17 at 3.38.19 PM (2).jpeg,Real,REAL_TN,0.00937652587890625,Real,0.1240234375,Real,0.06669998168945312,Real,0.10821533203125,0.56201171875,"[0.0974, 0.0278, 0.562, 0.0591]","[0.259, 0.207, 0.198, 0.185, 0.15]",0.01061248779296875,0.0521240234375,"[0.0038, 0.0009, 0.0521, 0.0054]","[0.235, 0.199, 0.203, 0.203, 0.16]",portrait_orientation; smooth/denoised_surface; strong_jpeg_blocking; low_edge_contrast
WhatsApp Image 2026-09-17 at 3.38.19 PM.jpeg,Real,REAL_TN,0.0002199411392211914,Real,0.018798828125,Real,0.009509384632110596,Real,0.0154876708984375,0.15966796875,"[0.0012, 0.0741, 0.0174, 0.1597]","[0.221, 0.281, 0.264, 0.099, 0.136]",0.00016224384307861328,0.0041656494140625,"[0.0, 0.0042, 0.0, 0.003]","[0.219, 0.255, 0.219, 0.15, 0.156]",portrait_orientation; low_edge_contrast; low_entropy/uniform_field
WhatsApp Image 2026-09-17 at 3.38.21 PM (1).jpeg,Real,REAL_TN,0.0059814453125,Real,0.1529541015625,Real,0.0794677734375,Real,0.630859375,0.78271484375,"[0.0871, 0.0939, 0.0995, 0.7827]","[0.197, 0.263, 0.263, 0.133, 0.143]",0.043365478515625,0.08660888671875,"[0.0019, 0.0086, 0.0013, 0.0866]","[0.191, 0.239, 0.228, 0.167, 0.176]",portrait_orientation; strong_jpeg_blocking
WhatsApp Image 2026-09-17 at 3.38.21 PM (2).jpeg,Real,REAL_TN,0.054901123046875,Real,0.438232421875,Real,0.2465667724609375,Real,0.416748046875,0.87451171875,"[0.8745, 0.6406, 0.3281, 0.2311]","[0.223, 0.202, 0.179, 0.197, 0.199]",0.2432861328125,0.081787109375,"[0.0818, 0.0307, 0.0467, 0.0511]","[0.213, 0.21, 0.192, 0.193, 0.191]",portrait_orientation; smooth/denoised_surface; strong_jpeg_blocking; low_edge_contrast
WhatsApp Image 2026-09-17 at 3.38.21 PM.jpeg,Real,REAL_TN,0.0053863525390625,Real,0.12939453125,Real,0.06739044189453125,Real,0.097412109375,0.35009765625,"[0.3501, 0.1892, 0.0098, 0.2595]","[0.237, 0.24, 0.172, 0.172, 0.178]",0.005405426025390625,0.04534912109375,"[0.0453, 0.0118, 0.0001, 0.0112]","[0.211, 0.221, 0.194, 0.187, 0.186]",portrait_orientation; strong_jpeg_blocking
WhatsApp Image 2026-09-17 at 3.38.22 PM (1).jpeg,Real,REAL_FP,0.331298828125,Real,0.57763671875,AI,0.4544677734375,Real,0.8720703125,0.8115234375,"[0.4946, 0.8115, 0.1663, 0.281]","[0.202, 0.241, 0.303, 0.107, 0.148]",0.68798828125,0.873046875,"[0.4629, 0.873, 0.0109, 0.0436]","[0.2, 0.224, 0.249, 0.155, 0.172]",portrait_orientation; smooth/denoised_surface; strong_jpeg_blocking; low_edge_contrast
WhatsApp Image 2026-09-17 at 3.38.22 PM (2).jpeg,Real,REAL_TN,0.00011146068572998047,Real,0.007549285888671875,Real,0.0038303732872009277,Real,0.0016107559204101562,0.10797119140625,"[0.108, 0.0025, 0.0036, 0.0967]","[0.311, 0.26, 0.204, 0.135, 0.09]",2.092123031616211e-05,0.004314422607421875,"[0.0002, 0.0, 0.0, 0.0043]","[0.249, 0.242, 0.205, 0.168, 0.137]",portrait_orientation; smooth/denoised_surface; strong_jpeg_blocking; low_edge_contrast
WhatsApp Image 2026-09-17 at 3.38.22 PM (3).jpeg,Real,REAL_TN,0.181884765625,Real,0.451171875,Real,0.3165283203125,Real,0.5986328125,0.68505859375,"[0.3198, 0.6851, 0.5977, 0.0682]","[0.289, 0.268, 0.208, 0.109, 0.125]",0.60009765625,0.2374267578125,"[0.1316, 0.2374, 0.1229, 0.0042]","[0.23, 0.235, 0.215, 0.156, 0.164]",portrait_orientation; strong_jpeg_blocking; low_edge_contrast
WhatsApp Image 2026-09-17 at 3.38.22 PM.jpeg,Real,REAL_TN,0.0701904296875,Real,0.498779296875,Real,0.28448486328125,Real,0.34375,0.78173828125,"[0.7817, 0.7017, 0.2893, 0.0537]","[0.194, 0.271, 0.238, 0.133, 0.164]",0.0066680908203125,0.70947265625,"[0.7095, 0.5181, 0.0131, 0.0017]","[0.205, 0.23, 0.222, 0.158, 0.185]",portrait_orientation; smooth/denoised_surface; strong_jpeg_blocking; low_edge_contrast
WhatsApp Image 2026-09-17 at 3.40.06 PM (1).jpeg,Real,REAL_TN,0.031494140625,Real,0.24169921875,Real,0.1365966796875,Real,0.31396484375,0.85693359375,"[0.1032, 0.1326, 0.5688, 0.8569]","[0.267, 0.217, 0.211, 0.154, 0.151]",0.0305023193359375,0.447021484375,"[0.0055, 0.0067, 0.3926, 0.447]","[0.233, 0.215, 0.211, 0.173, 0.17]",landscape_orientation; smooth/denoised_surface; strong_jpeg_blocking; low_edge_contrast
WhatsApp Image 2026-09-17 at 3.40.06 PM.jpeg,Real,REAL_TN,0.01287078857421875,Real,0.1678466796875,Real,0.09035873413085938,Real,0.08135986328125,0.4111328125,"[0.137, 0.2854, 0.4111, 0.1411]","[0.238, 0.192, 0.21, 0.103, 0.257]",0.00963592529296875,0.039276123046875,"[0.0122, 0.0123, 0.0393, 0.0069]","[0.215, 0.2, 0.215, 0.137, 0.233]",portrait_orientation; strong_jpeg_blocking; low_entropy/uniform_field
WhatsApp Image 2026-09-17 at 3.44.10 PM (1).jpeg,Real,REAL_TN,0.01395416259765625,Real,0.49560546875,Real,0.2547798156738281,Real,0.2303466796875,0.8974609375,"[0.6528, 0.8975, 0.4067, 0.2644]","[0.288, 0.184, 0.178, 0.209, 0.142]",0.004467010498046875,0.0867919921875,"[0.0253, 0.0868, 0.022, 0.0017]","[0.242, 0.195, 0.189, 0.201, 0.173]",portrait_orientation; smooth/denoised_surface; strong_jpeg_blocking; low_edge_contrast
WhatsApp Image 2026-09-17 at 3.44.10 PM (2).jpeg,Real,REAL_TN,0.003795623779296875,Real,0.051849365234375,Real,0.027822494506835938,Real,0.34716796875,0.0809326171875,"[0.0572, 0.0119, 0.0809, 0.0059]","[0.236, 0.233, 0.206, 0.223, 0.102]",0.12646484375,0.004756927490234375,"[0.0019, 0.0002, 0.0048, 0.0005]","[0.211, 0.225, 0.205, 0.215, 0.144]",portrait_orientation; smooth/denoised_surface; strong_jpeg_blocking; low_edge_contrast; low_entropy/uniform_field
WhatsApp Image 2026-09-17 at 3.44.10 PM (3).jpeg,Real,REAL_FP,0.046722412109375,Real,0.5068359375,AI,0.2767791748046875,Real,0.67626953125,0.89013671875,"[0.0486, 0.8901, 0.3313, 0.5352]","[0.265, 0.155, 0.159, 0.222, 0.199]",0.141357421875,0.218505859375,"[0.0018, 0.2185, 0.0158, 0.1458]","[0.216, 0.194, 0.182, 0.216, 0.191]",portrait_orientation; strong_jpeg_blocking
WhatsApp Image 2026-09-17 at 3.44.10 PM (4).jpeg,Real,REAL_FP,0.046112060546875,Real,0.75439453125,AI,0.4002532958984375,Real,0.79638671875,0.9150390625,"[0.2384, 0.3652, 0.8408, 0.915]","[0.262, 0.176, 0.134, 0.247, 0.181]",0.190673828125,0.322265625,"[0.0028, 0.0085, 0.3223, 0.1746]","[0.214, 0.2, 0.177, 0.211, 0.198]",portrait_orientation; strong_jpeg_blocking; low_edge_contrast
WhatsApp Image 2026-09-17 at 3.44.10 PM (7).jpeg,Real,REAL_TN,0.0004973411560058594,Real,0.026763916015625,Real,0.01363062858581543,Real,0.042724609375,0.1572265625,"[0.0099, 0.0011, 0.1572, 0.0519]","[0.238, 0.177, 0.173, 0.194, 0.218]",0.0006537437438964844,0.037109375,"[0.0001, 0.0, 0.0371, 0.0062]","[0.219, 0.202, 0.201, 0.183, 0.195]",portrait_orientation; smooth/denoised_surface; strong_jpeg_blocking; low_edge_contrast
WhatsApp Image 2026-09-17 at 3.44.11 PM (1).jpeg,Real,REAL_FP,0.044189453125,Real,0.62841796875,AI,0.3363037109375,Real,0.34765625,0.9384765625,"[0.5986, 0.9385, 0.0471, 0.873]","[0.263, 0.252, 0.203, 0.141, 0.141]",0.0079345703125,0.66796875,"[0.0347, 0.668, 0.0017, 0.4922]","[0.231, 0.228, 0.202, 0.169, 0.169]",portrait_orientation; high_sharpness/complex_texture; high_edge_density
WhatsApp Image 2026-09-17 at 3.44.11 PM (10).jpeg,Real,REAL_FP,0.31689453125,Real,0.67822265625,AI,0.49755859375,Real,0.1910400390625,0.7724609375,"[0.7725, 0.7236, 0.7036, 0.4832]","[0.258, 0.183, 0.206, 0.198, 0.155]",0.036895751953125,0.5126953125,"[0.3792, 0.2939, 0.5127, 0.1901]","[0.231, 0.193, 0.199, 0.202, 0.175]",landscape_orientation; smooth/denoised_surface; strong_jpeg_blocking; low_edge_contrast
WhatsApp Image 2026-09-17 at 3.44.11 PM (11).jpeg,Real,REAL_FP,0.06243896484375,Real,0.5126953125,AI,0.287567138671875,Real,0.7333984375,0.8564453125,"[0.8242, 0.0217, 0.8564, 0.5513]","[0.248, 0.197, 0.216, 0.206, 0.134]",0.1585693359375,0.41357421875,"[0.1251, 0.0011, 0.3071, 0.4136]","[0.223, 0.197, 0.2, 0.208, 0.172]",portrait_orientation; strong_jpeg_blocking; low_edge_contrast
WhatsApp Image 2026-09-17 at 3.44.11 PM (12).jpeg,Real,REAL_FP,0.414306640625,Real,0.77001953125,AI,0.5921630859375,AI,0.86572265625,0.94677734375,"[0.2722, 0.313, 0.6445, 0.9468]","[0.228, 0.167, 0.19, 0.185, 0.23]",0.6005859375,0.93408203125,"[0.0152, 0.0569, 0.4036, 0.9341]","[0.22, 0.185, 0.191, 0.193, 0.212]",portrait_orientation; strong_jpeg_blocking; low_edge_contrast
WhatsApp Image 2026-09-17 at 3.44.11 PM (13).jpeg,Real,REAL_FP,0.348388671875,Real,0.662109375,AI,0.5052490234375,AI,0.2420654296875,0.94580078125,"[0.605, 0.1395, 0.9458, 0.8882]","[0.225, 0.334, 0.171, 0.129, 0.141]",0.247314453125,0.73583984375,"[0.4551, 0.0412, 0.5693, 0.7358]","[0.214, 0.269, 0.188, 0.165, 0.165]",portrait_orientation; smooth/denoised_surface; strong_jpeg_blocking; low_edge_contrast
WhatsApp Image 2026-09-17 at 3.44.11 PM (14).jpeg,Real,REAL_TN,0.1500244140625,Real,0.478759765625,Real,0.31439208984375,Real,0.75927734375,0.6337890625,"[0.4192, 0.6338, 0.2605, 0.5161]","[0.284, 0.201, 0.241, 0.145, 0.128]",0.740234375,0.247802734375,"[0.0503, 0.2478, 0.0191, 0.1344]","[0.23, 0.208, 0.222, 0.171, 0.169]",portrait_orientation; smooth/denoised_surface; strong_jpeg_blocking; low_edge_contrast
WhatsApp Image 2026-09-17 at 3.44.11 PM (15).jpeg,Real,REAL_FP,0.1646728515625,Real,0.5419921875,AI,0.35333251953125,Real,0.58203125,0.95849609375,"[0.6216, 0.9585, 0.2732, 0.4175]","[0.276, 0.229, 0.153, 0.173, 0.168]",0.5078125,0.71240234375,"[0.1332, 0.7124, 0.0205, 0.0518]","[0.229, 0.216, 0.187, 0.177, 0.191]",portrait_orientation; strong_jpeg_blocking; high_edge_density
WhatsApp Image 2026-09-17 at 3.44.11 PM (2).jpeg,Real,REAL_TN,0.00011682510375976562,Real,0.0079345703125,Real,0.004025697708129883,Real,0.001255035400390625,0.0246124267578125,"[0.0074, 0.0246, 0.0148, 0.0063]","[0.185, 0.22, 0.196, 0.173, 0.226]",1.0728836059570312e-05,0.00044083595275878906,"[0.0001, 0.0004, 0.0002, 0.0001]","[0.198, 0.21, 0.198, 0.191, 0.203]",portrait_orientation; smooth/denoised_surface; strong_jpeg_blocking; low_edge_contrast; low_entropy/uniform_field
WhatsApp Image 2026-09-17 at 3.44.11 PM (3).jpeg,Real,REAL_FP,0.51318359375,AI,0.810546875,AI,0.661865234375,AI,0.853515625,0.8857421875,"[0.8857, 0.6992, 0.7144, 0.6821]","[0.24, 0.186, 0.184, 0.173, 0.216]",0.58203125,0.8046875,"[0.8047, 0.2886, 0.183, 0.3892]","[0.22, 0.197, 0.195, 0.182, 0.205]",portrait_orientation; strong_jpeg_blocking
WhatsApp Image 2026-09-17 at 3.44.11 PM (4).jpeg,Real,REAL_TN,4.172325134277344e-06,Real,0.0017070770263671875,Real,0.0008556246757507324,Real,0.00279998779296875,0.036834716796875,"[0.001, 0.0368, 0.0001, 0.007]","[0.228, 0.207, 0.158, 0.236, 0.171]",1.1026859283447266e-05,3.045797348022461e-05,"[0.0, 0.0, 0.0, 0.0]","[0.219, 0.204, 0.181, 0.22, 0.175]",portrait_orientation; smooth/denoised_surface; strong_jpeg_blocking; low_edge_contrast; low_entropy/uniform_field
WhatsApp Image 2026-09-17 at 3.44.11 PM (5).jpeg,Real,REAL_FP,0.1729736328125,Real,0.853515625,AI,0.51324462890625,AI,0.970703125,0.943359375,"[0.1886, 0.5234, 0.9434, 0.9146]","[0.238, 0.192, 0.215, 0.152, 0.203]",0.5283203125,0.83740234375,"[0.0056, 0.0124, 0.6934, 0.8374]","[0.215, 0.198, 0.204, 0.179, 0.203]",portrait_orientation; high_sharpness/complex_texture; strong_jpeg_blocking; high_edge_density
WhatsApp Image 2026-09-17 at 3.44.11 PM (7).jpeg,Real,REAL_TN,0.007404327392578125,Real,0.1048583984375,Real,0.05613136291503906,Real,0.1419677734375,0.347412109375,"[0.0323, 0.3474, 0.0147, 0.1843]","[0.221, 0.205, 0.219, 0.147, 0.209]",0.006412506103515625,0.08038330078125,"[0.0028, 0.0804, 0.0003, 0.028]","[0.214, 0.199, 0.21, 0.177, 0.2]",portrait_orientation; smooth/denoised_surface; strong_jpeg_blocking; low_edge_contrast
WhatsApp Image 2026-09-17 at 3.44.11 PM (8).jpeg,Real,REAL_TN,0.046478271484375,Real,0.1468505859375,Real,0.0966644287109375,Real,0.3994140625,0.223388671875,"[0.2035, 0.0507, 0.0693, 0.2234]","[0.206, 0.316, 0.28, 0.113, 0.085]",0.2386474609375,0.10125732421875,"[0.1013, 0.0143, 0.0063, 0.009]","[0.202, 0.252, 0.24, 0.163, 0.142]",portrait_orientation; strong_jpeg_blocking
WhatsApp Image 2026-09-17 at 3.44.11 PM.jpeg,Real,REAL_TN,0.007289886474609375,Real,0.156494140625,Real,0.08189201354980469,Real,0.288330078125,0.273681640625,"[0.1901, 0.2737, 0.2064, 0.0469]","[0.291, 0.206, 0.191, 0.125, 0.188]",0.034759521484375,0.0216522216796875,"[0.0111, 0.0217, 0.0099, 0.0006]","[0.244, 0.205, 0.207, 0.156, 0.189]",portrait_orientation; smooth/denoised_surface; strong_jpeg_blocking; low_edge_contrast
