image_id,filepath,label,prob_e24
real_raise_135_r11850456t_test_whatsapp_q75,data/final_external_pool/final_test_degraded/real_raise_135_r11850456t_test_whatsapp_q75.jpg,Real,0.107422
real_raise_135_r11850456t_test_resize_q80,data/final_external_pool/final_test_degraded/real_raise_135_r11850456t_test_resize_q80.jpg,Real,0.083130
real_raise_135_r11850456t_test_double_jpeg,data/final_external_pool/final_test_degraded/real_raise_135_r11850456t_test_double_jpeg.jpg,Real,0.040100
real_raise_122_r0fbe1b0ft_test_whatsapp_q75,data/final_external_pool/final_test_degraded/real_raise_122_r0fbe1b0ft_test_whatsapp_q75.jpg,Real,0.015839
real_raise_122_r0fbe1b0ft_test_resize_q80,data/final_external_pool/final_test_degraded/real_raise_122_r0fbe1b0ft_test_resize_q80.jpg,Real,0.011780
real_raise_122_r0fbe1b0ft_test_double_jpeg,data/final_external_pool/final_test_degraded/real_raise_122_r0fbe1b0ft_test_double_jpeg.jpg,Real,0.013428
real_raise_supp_026_r0dd6e8f4t_test_whatsapp_q75,data/final_external_pool/final_test_degraded/real_raise_supp_026_r0dd6e8f4t_test_whatsapp_q75.jpg,Real,0.710938
real_raise_supp_026_r0dd6e8f4t_test_resize_q80,data/final_external_pool/final_test_degraded/real_raise_supp_026_r0dd6e8f4t_test_resize_q80.jpg,Real,0.611328
real_raise_supp_026_r0dd6e8f4t_test_double_jpeg,data/final_external_pool/final_test_degraded/real_raise_supp_026_r0dd6e8f4t_test_double_jpeg.jpg,Real,0.621094
ai_sb_stable-diffusion-1-3_154_r0372042dt_test_whatsapp_q75,data/final_external_pool/final_test_degraded/ai_sb_stable-diffusion-1-3_154_r0372042dt_test_whatsapp_q75.jpg,AI,0.999512
ai_sb_stable-diffusion-1-3_154_r0372042dt_test_resize_q80,data/final_external_pool/final_test_degraded/ai_sb_stable-diffusion-1-3_154_r0372042dt_test_resize_q80.jpg,AI,0.999512
ai_sb_stable-diffusion-1-3_154_r0372042dt_test_double_jpeg,data/final_external_pool/final_test_degraded/ai_sb_stable-diffusion-1-3_154_r0372042dt_test_double_jpeg.jpg,AI,0.999512
ai_sb_firefly_065_r045be2act_test_whatsapp_q75,data/final_external_pool/final_test_degraded/ai_sb_firefly_065_r045be2act_test_whatsapp_q75.jpg,AI,0.014229
ai_sb_firefly_065_r045be2act_test_resize_q80,data/final_external_pool/final_test_degraded/ai_sb_firefly_065_r045be2act_test_resize_q80.jpg,AI,0.009636
ai_sb_firefly_065_r045be2act_test_double_jpeg,data/final_external_pool/final_test_degraded/ai_sb_firefly_065_r045be2act_test_double_jpeg.jpg,AI,0.005302
ai_sb_stable-diffusion-1-3_161_r0a9384b1t_test_whatsapp_q75,data/final_external_pool/final_test_degraded/ai_sb_stable-diffusion-1-3_161_r0a9384b1t_test_whatsapp_q75.jpg,AI,0.982422
ai_sb_stable-diffusion-1-3_161_r0a9384b1t_test_resize_q80,data/final_external_pool/final_test_degraded/ai_sb_stable-diffusion-1-3_161_r0a9384b1t_test_resize_q80.jpg,AI,0.975586
ai_sb_stable-diffusion-1-3_161_r0a9384b1t_test_double_jpeg,data/final_external_pool/final_test_degraded/ai_sb_stable-diffusion-1-3_161_r0a9384b1t_test_double_jpeg.jpg,AI,0.889648
ai_sb_firefly_064_r0372042dt_test_whatsapp_q75,data/final_external_pool/final_test_degraded/ai_sb_firefly_064_r0372042dt_test_whatsapp_q75.jpg,AI,0.999512
ai_sb_firefly_064_r0372042dt_test_resize_q80,data/final_external_pool/final_test_degraded/ai_sb_firefly_064_r0372042dt_test_resize_q80.jpg,AI,0.999512
ai_sb_firefly_064_r0372042dt_test_double_jpeg,data/final_external_pool/final_test_degraded/ai_sb_firefly_064_r0372042dt_test_double_jpeg.jpg,AI,0.999512
real_raise_053_r06b161adt_test_whatsapp_q75,data/final_external_pool/final_test_degraded/real_raise_053_r06b161adt_test_whatsapp_q75.jpg,Real,0.703125
real_raise_053_r06b161adt_test_resize_q80,data/final_external_pool/final_test_degraded/real_raise_053_r06b161adt_test_resize_q80.jpg,Real,0.746582
real_raise_053_r06b161adt_test_double_jpeg,data/final_external_pool/final_test_degraded/real_raise_053_r06b161adt_test_double_jpeg.jpg,Real,0.783691
ai_sb_stable-diffusion-1-4_188_r07cfb432t_test_whatsapp_q75,data/final_external_pool/final_test_degraded/ai_sb_stable-diffusion-1-4_188_r07cfb432t_test_whatsapp_q75.jpg,AI,0.976074
ai_sb_stable-diffusion-1-4_188_r07cfb432t_test_resize_q80,data/final_external_pool/final_test_degraded/ai_sb_stable-diffusion-1-4_188_r07cfb432t_test_resize_q80.jpg,AI,0.955566
ai_sb_stable-diffusion-1-4_188_r07cfb432t_test_double_jpeg,data/final_external_pool/final_test_degraded/ai_sb_stable-diffusion-1-4_188_r07cfb432t_test_double_jpeg.jpg,AI,0.981445
real_raise_115_r0f24ca4dt_test_whatsapp_q75,data/final_external_pool/final_test_degraded/real_raise_115_r0f24ca4dt_test_whatsapp_q75.jpg,Real,0.240479
real_raise_115_r0f24ca4dt_test_resize_q80,data/final_external_pool/final_test_degraded/real_raise_115_r0f24ca4dt_test_resize_q80.jpg,Real,0.249756
real_raise_115_r0f24ca4dt_test_double_jpeg,data/final_external_pool/final_test_degraded/real_raise_115_r0f24ca4dt_test_double_jpeg.jpg,Real,0.150879
ai_sb_supp_stable-diffusion-1-4_019_r001d260dt_test_whatsapp_q75,data/final_external_pool/final_test_degraded/ai_sb_supp_stable-diffusion-1-4_019_r001d260dt_test_whatsapp_q75.jpg,AI,0.914551
ai_sb_supp_stable-diffusion-1-4_019_r001d260dt_test_resize_q80,data/final_external_pool/final_test_degraded/ai_sb_supp_stable-diffusion-1-4_019_r001d260dt_test_resize_q80.jpg,AI,0.842285
ai_sb_supp_stable-diffusion-1-4_019_r001d260dt_test_double_jpeg,data/final_external_pool/final_test_degraded/ai_sb_supp_stable-diffusion-1-4_019_r001d260dt_test_double_jpeg.jpg,AI,0.144531
real_raise_150_r1378de81t_test_whatsapp_q75,data/final_external_pool/final_test_degraded/real_raise_150_r1378de81t_test_whatsapp_q75.jpg,Real,0.015602
real_raise_150_r1378de81t_test_resize_q80,data/final_external_pool/final_test_degraded/real_raise_150_r1378de81t_test_resize_q80.jpg,Real,0.027374
real_raise_150_r1378de81t_test_double_jpeg,data/final_external_pool/final_test_degraded/real_raise_150_r1378de81t_test_double_jpeg.jpg,Real,0.022034
ai_sb_stable-diffusion-1-3_166_r102b4aa4t_test_whatsapp_q75,data/final_external_pool/final_test_degraded/ai_sb_stable-diffusion-1-3_166_r102b4aa4t_test_whatsapp_q75.jpg,AI,0.903320
ai_sb_stable-diffusion-1-3_166_r102b4aa4t_test_resize_q80,data/final_external_pool/final_test_degraded/ai_sb_stable-diffusion-1-3_166_r102b4aa4t_test_resize_q80.jpg,AI,0.872559
ai_sb_stable-diffusion-1-3_166_r102b4aa4t_test_double_jpeg,data/final_external_pool/final_test_degraded/ai_sb_stable-diffusion-1-3_166_r102b4aa4t_test_double_jpeg.jpg,AI,0.638184
real_raise_036_r04989a70t_test_whatsapp_q75,data/final_external_pool/final_test_degraded/real_raise_036_r04989a70t_test_whatsapp_q75.jpg,Real,0.025467
real_raise_036_r04989a70t_test_resize_q80,data/final_external_pool/final_test_degraded/real_raise_036_r04989a70t_test_resize_q80.jpg,Real,0.019638
real_raise_036_r04989a70t_test_double_jpeg,data/final_external_pool/final_test_degraded/real_raise_036_r04989a70t_test_double_jpeg.jpg,Real,0.031082
ai_sb_dalle2_029_r1d9a31fct_test_whatsapp_q75,data/final_external_pool/final_test_degraded/ai_sb_dalle2_029_r1d9a31fct_test_whatsapp_q75.jpg,AI,0.256348
ai_sb_dalle2_029_r1d9a31fct_test_resize_q80,data/final_external_pool/final_test_degraded/ai_sb_dalle2_029_r1d9a31fct_test_resize_q80.jpg,AI,0.109497
ai_sb_dalle2_029_r1d9a31fct_test_double_jpeg,data/final_external_pool/final_test_degraded/ai_sb_dalle2_029_r1d9a31fct_test_double_jpeg.jpg,AI,0.093018
real_raise_supp_005_r02513d19t_test_whatsapp_q75,data/final_external_pool/final_test_degraded/real_raise_supp_005_r02513d19t_test_whatsapp_q75.jpg,Real,0.034485
real_raise_supp_005_r02513d19t_test_resize_q80,data/final_external_pool/final_test_degraded/real_raise_supp_005_r02513d19t_test_resize_q80.jpg,Real,0.029816
real_raise_supp_005_r02513d19t_test_double_jpeg,data/final_external_pool/final_test_degraded/real_raise_supp_005_r02513d19t_test_double_jpeg.jpg,Real,0.025177
ai_sb_firefly_087_r1bdb6385t_test_whatsapp_q75,data/final_external_pool/final_test_degraded/ai_sb_firefly_087_r1bdb6385t_test_whatsapp_q75.jpg,AI,0.997559
ai_sb_firefly_087_r1bdb6385t_test_resize_q80,data/final_external_pool/final_test_degraded/ai_sb_firefly_087_r1bdb6385t_test_resize_q80.jpg,AI,0.998047
ai_sb_firefly_087_r1bdb6385t_test_double_jpeg,data/final_external_pool/final_test_degraded/ai_sb_firefly_087_r1bdb6385t_test_double_jpeg.jpg,AI,0.997559
real_raise_250_r1f4a44a7t_test_whatsapp_q75,data/final_external_pool/final_test_degraded/real_raise_250_r1f4a44a7t_test_whatsapp_q75.jpg,Real,0.015961
real_raise_250_r1f4a44a7t_test_resize_q80,data/final_external_pool/final_test_degraded/real_raise_250_r1f4a44a7t_test_resize_q80.jpg,Real,0.020142
real_raise_250_r1f4a44a7t_test_double_jpeg,data/final_external_pool/final_test_degraded/real_raise_250_r1f4a44a7t_test_double_jpeg.jpg,Real,0.010902
ai_sb_midjourney-v5_147_r1bdb6385t_test_whatsapp_q75,data/final_external_pool/final_test_degraded/ai_sb_midjourney-v5_147_r1bdb6385t_test_whatsapp_q75.jpg,AI,0.886719
ai_sb_midjourney-v5_147_r1bdb6385t_test_resize_q80,data/final_external_pool/final_test_degraded/ai_sb_midjourney-v5_147_r1bdb6385t_test_resize_q80.jpg,AI,0.830566
ai_sb_midjourney-v5_147_r1bdb6385t_test_double_jpeg,data/final_external_pool/final_test_degraded/ai_sb_midjourney-v5_147_r1bdb6385t_test_double_jpeg.jpg,AI,0.878418
real_raise_043_r057282fet_test_whatsapp_q75,data/final_external_pool/final_test_degraded/real_raise_043_r057282fet_test_whatsapp_q75.jpg,Real,0.616699
real_raise_043_r057282fet_test_resize_q80,data/final_external_pool/final_test_degraded/real_raise_043_r057282fet_test_resize_q80.jpg,Real,0.829590
real_raise_043_r057282fet_test_double_jpeg,data/final_external_pool/final_test_degraded/real_raise_043_r057282fet_test_double_jpeg.jpg,Real,0.485352
real_raise_092_r0b755540t_test_whatsapp_q75,data/final_external_pool/final_test_degraded/real_raise_092_r0b755540t_test_whatsapp_q75.jpg,Real,0.730957
real_raise_092_r0b755540t_test_resize_q80,data/final_external_pool/final_test_degraded/real_raise_092_r0b755540t_test_resize_q80.jpg,Real,0.554688
real_raise_092_r0b755540t_test_double_jpeg,data/final_external_pool/final_test_degraded/real_raise_092_r0b755540t_test_double_jpeg.jpg,Real,0.745605
real_raise_supp_035_r12cbfb1et_test_whatsapp_q75,data/final_external_pool/final_test_degraded/real_raise_supp_035_r12cbfb1et_test_whatsapp_q75.jpg,Real,0.017517
real_raise_supp_035_r12cbfb1et_test_resize_q80,data/final_external_pool/final_test_degraded/real_raise_supp_035_r12cbfb1et_test_resize_q80.jpg,Real,0.015900
real_raise_supp_035_r12cbfb1et_test_double_jpeg,data/final_external_pool/final_test_degraded/real_raise_supp_035_r12cbfb1et_test_double_jpeg.jpg,Real,0.011505
ai_sb_stable-diffusion-1-3_160_r09a60f63t_test_whatsapp_q75,data/final_external_pool/final_test_degraded/ai_sb_stable-diffusion-1-3_160_r09a60f63t_test_whatsapp_q75.jpg,AI,0.986328
ai_sb_stable-diffusion-1-3_160_r09a60f63t_test_resize_q80,data/final_external_pool/final_test_degraded/ai_sb_stable-diffusion-1-3_160_r09a60f63t_test_resize_q80.jpg,AI,0.990723
ai_sb_stable-diffusion-1-3_160_r09a60f63t_test_double_jpeg,data/final_external_pool/final_test_degraded/ai_sb_stable-diffusion-1-3_160_r09a60f63t_test_double_jpeg.jpg,AI,0.997070
ai_sb_dalle3_059_r1d9a31fct_test_whatsapp_q75,data/final_external_pool/final_test_degraded/ai_sb_dalle3_059_r1d9a31fct_test_whatsapp_q75.jpg,AI,1.000000
ai_sb_dalle3_059_r1d9a31fct_test_resize_q80,data/final_external_pool/final_test_degraded/ai_sb_dalle3_059_r1d9a31fct_test_resize_q80.jpg,AI,1.000000
ai_sb_dalle3_059_r1d9a31fct_test_double_jpeg,data/final_external_pool/final_test_degraded/ai_sb_dalle3_059_r1d9a31fct_test_double_jpeg.jpg,AI,1.000000
ai_sb_glide_091_r000da54ft_test_whatsapp_q75,data/final_external_pool/final_test_degraded/ai_sb_glide_091_r000da54ft_test_whatsapp_q75.jpg,AI,0.551270
ai_sb_glide_091_r000da54ft_test_resize_q80,data/final_external_pool/final_test_degraded/ai_sb_glide_091_r000da54ft_test_resize_q80.jpg,AI,0.241699
ai_sb_glide_091_r000da54ft_test_double_jpeg,data/final_external_pool/final_test_degraded/ai_sb_glide_091_r000da54ft_test_double_jpeg.jpg,AI,0.696289
ai_sb_firefly_068_r07cfb432t_test_whatsapp_q75,data/final_external_pool/final_test_degraded/ai_sb_firefly_068_r07cfb432t_test_whatsapp_q75.jpg,AI,0.093872
ai_sb_firefly_068_r07cfb432t_test_resize_q80,data/final_external_pool/final_test_degraded/ai_sb_firefly_068_r07cfb432t_test_resize_q80.jpg,AI,0.051666
ai_sb_firefly_068_r07cfb432t_test_double_jpeg,data/final_external_pool/final_test_degraded/ai_sb_firefly_068_r07cfb432t_test_double_jpeg.jpg,AI,0.060760
real_raise_046_r05db7e7ft_test_whatsapp_q75,data/final_external_pool/final_test_degraded/real_raise_046_r05db7e7ft_test_whatsapp_q75.jpg,Real,0.979980
real_raise_046_r05db7e7ft_test_resize_q80,data/final_external_pool/final_test_degraded/real_raise_046_r05db7e7ft_test_resize_q80.jpg,Real,0.979980
real_raise_046_r05db7e7ft_test_double_jpeg,data/final_external_pool/final_test_degraded/real_raise_046_r05db7e7ft_test_double_jpeg.jpg,Real,0.980469
ai_sb_firefly_069_r08996953t_test_whatsapp_q75,data/final_external_pool/final_test_degraded/ai_sb_firefly_069_r08996953t_test_whatsapp_q75.jpg,AI,0.975586
ai_sb_firefly_069_r08996953t_test_resize_q80,data/final_external_pool/final_test_degraded/ai_sb_firefly_069_r08996953t_test_resize_q80.jpg,AI,0.982422
ai_sb_firefly_069_r08996953t_test_double_jpeg,data/final_external_pool/final_test_degraded/ai_sb_firefly_069_r08996953t_test_double_jpeg.jpg,AI,0.959473
real_raise_supp_004_r01d0b83bt_test_whatsapp_q75,data/final_external_pool/final_test_degraded/real_raise_supp_004_r01d0b83bt_test_whatsapp_q75.jpg,Real,0.285156
real_raise_supp_004_r01d0b83bt_test_resize_q80,data/final_external_pool/final_test_degraded/real_raise_supp_004_r01d0b83bt_test_resize_q80.jpg,Real,0.152466
real_raise_supp_004_r01d0b83bt_test_double_jpeg,data/final_external_pool/final_test_degraded/real_raise_supp_004_r01d0b83bt_test_double_jpeg.jpg,Real,0.064880
ai_sb_midjourney-v5_130_r09a60f63t_test_whatsapp_q75,data/final_external_pool/final_test_degraded/ai_sb_midjourney-v5_130_r09a60f63t_test_whatsapp_q75.jpg,AI,1.000000
ai_sb_midjourney-v5_130_r09a60f63t_test_resize_q80,data/final_external_pool/final_test_degraded/ai_sb_midjourney-v5_130_r09a60f63t_test_resize_q80.jpg,AI,1.000000
ai_sb_midjourney-v5_130_r09a60f63t_test_double_jpeg,data/final_external_pool/final_test_degraded/ai_sb_midjourney-v5_130_r09a60f63t_test_double_jpeg.jpg,AI,1.000000
real_raise_191_r18d72ab2t_test_whatsapp_q75,data/final_external_pool/final_test_degraded/real_raise_191_r18d72ab2t_test_whatsapp_q75.jpg,Real,0.008217
real_raise_191_r18d72ab2t_test_resize_q80,data/final_external_pool/final_test_degraded/real_raise_191_r18d72ab2t_test_resize_q80.jpg,Real,0.012192
real_raise_191_r18d72ab2t_test_double_jpeg,data/final_external_pool/final_test_degraded/real_raise_191_r18d72ab2t_test_double_jpeg.jpg,Real,0.007607
real_raise_208_r1aa53167t_test_whatsapp_q75,data/final_external_pool/final_test_degraded/real_raise_208_r1aa53167t_test_whatsapp_q75.jpg,Real,0.499268
real_raise_208_r1aa53167t_test_resize_q80,data/final_external_pool/final_test_degraded/real_raise_208_r1aa53167t_test_resize_q80.jpg,Real,0.342285
real_raise_208_r1aa53167t_test_double_jpeg,data/final_external_pool/final_test_degraded/real_raise_208_r1aa53167t_test_double_jpeg.jpg,Real,0.078613
real_raise_202_r1a4651edt_test_whatsapp_q75,data/final_external_pool/final_test_degraded/real_raise_202_r1a4651edt_test_whatsapp_q75.jpg,Real,0.002562
real_raise_202_r1a4651edt_test_resize_q80,data/final_external_pool/final_test_degraded/real_raise_202_r1a4651edt_test_resize_q80.jpg,Real,0.002434
real_raise_202_r1a4651edt_test_double_jpeg,data/final_external_pool/final_test_degraded/real_raise_202_r1a4651edt_test_double_jpeg.jpg,Real,0.001831
ai_sb_dalle2_003_r026b5360t_test_whatsapp_q75,data/final_external_pool/final_test_degraded/ai_sb_dalle2_003_r026b5360t_test_whatsapp_q75.jpg,AI,0.998047
ai_sb_dalle2_003_r026b5360t_test_resize_q80,data/final_external_pool/final_test_degraded/ai_sb_dalle2_003_r026b5360t_test_resize_q80.jpg,AI,0.998535
ai_sb_dalle2_003_r026b5360t_test_double_jpeg,data/final_external_pool/final_test_degraded/ai_sb_dalle2_003_r026b5360t_test_double_jpeg.jpg,AI,0.998047
ai_sb_supp_dalle2_002_r002fc3e2t_test_whatsapp_q75,data/final_external_pool/final_test_degraded/ai_sb_supp_dalle2_002_r002fc3e2t_test_whatsapp_q75.jpg,AI,0.999023
ai_sb_supp_dalle2_002_r002fc3e2t_test_resize_q80,data/final_external_pool/final_test_degraded/ai_sb_supp_dalle2_002_r002fc3e2t_test_resize_q80.jpg,AI,0.999023
ai_sb_supp_dalle2_002_r002fc3e2t_test_double_jpeg,data/final_external_pool/final_test_degraded/ai_sb_supp_dalle2_002_r002fc3e2t_test_double_jpeg.jpg,AI,0.999023
ai_sb_firefly_075_r0f5beb66t_test_whatsapp_q75,data/final_external_pool/final_test_degraded/ai_sb_firefly_075_r0f5beb66t_test_whatsapp_q75.jpg,AI,0.012924
ai_sb_firefly_075_r0f5beb66t_test_resize_q80,data/final_external_pool/final_test_degraded/ai_sb_firefly_075_r0f5beb66t_test_resize_q80.jpg,AI,0.010651
ai_sb_firefly_075_r0f5beb66t_test_double_jpeg,data/final_external_pool/final_test_degraded/ai_sb_firefly_075_r0f5beb66t_test_double_jpeg.jpg,AI,0.005959
ai_sb_midjourney-v5_146_r1ad2de34t_test_whatsapp_q75,data/final_external_pool/final_test_degraded/ai_sb_midjourney-v5_146_r1ad2de34t_test_whatsapp_q75.jpg,AI,0.632812
ai_sb_midjourney-v5_146_r1ad2de34t_test_resize_q80,data/final_external_pool/final_test_degraded/ai_sb_midjourney-v5_146_r1ad2de34t_test_resize_q80.jpg,AI,0.468018
ai_sb_midjourney-v5_146_r1ad2de34t_test_double_jpeg,data/final_external_pool/final_test_degraded/ai_sb_midjourney-v5_146_r1ad2de34t_test_double_jpeg.jpg,AI,0.814941
ai_sb_stable-diffusion-2_231_r159d3942t_test_whatsapp_q75,data/final_external_pool/final_test_degraded/ai_sb_stable-diffusion-2_231_r159d3942t_test_whatsapp_q75.jpg,AI,0.009781
ai_sb_stable-diffusion-2_231_r159d3942t_test_resize_q80,data/final_external_pool/final_test_degraded/ai_sb_stable-diffusion-2_231_r159d3942t_test_resize_q80.jpg,AI,0.014282
ai_sb_stable-diffusion-2_231_r159d3942t_test_double_jpeg,data/final_external_pool/final_test_degraded/ai_sb_stable-diffusion-2_231_r159d3942t_test_double_jpeg.jpg,AI,0.006668
real_raise_075_r09851aa4t_test_whatsapp_q75,data/final_external_pool/final_test_degraded/real_raise_075_r09851aa4t_test_whatsapp_q75.jpg,Real,0.001383
real_raise_075_r09851aa4t_test_resize_q80,data/final_external_pool/final_test_degraded/real_raise_075_r09851aa4t_test_resize_q80.jpg,Real,0.001362
real_raise_075_r09851aa4t_test_double_jpeg,data/final_external_pool/final_test_degraded/real_raise_075_r09851aa4t_test_double_jpeg.jpg,Real,0.001356
real_raise_110_r0ea0825ft_test_whatsapp_q75,data/final_external_pool/final_test_degraded/real_raise_110_r0ea0825ft_test_whatsapp_q75.jpg,Real,0.939453
real_raise_110_r0ea0825ft_test_resize_q80,data/final_external_pool/final_test_degraded/real_raise_110_r0ea0825ft_test_resize_q80.jpg,Real,0.923340
real_raise_110_r0ea0825ft_test_double_jpeg,data/final_external_pool/final_test_degraded/real_raise_110_r0ea0825ft_test_double_jpeg.jpg,Real,0.865723
ai_sb_glide_109_r138ad247t_test_whatsapp_q75,data/final_external_pool/final_test_degraded/ai_sb_glide_109_r138ad247t_test_whatsapp_q75.jpg,AI,0.944336
ai_sb_glide_109_r138ad247t_test_resize_q80,data/final_external_pool/final_test_degraded/ai_sb_glide_109_r138ad247t_test_resize_q80.jpg,AI,0.964844
ai_sb_glide_109_r138ad247t_test_double_jpeg,data/final_external_pool/final_test_degraded/ai_sb_glide_109_r138ad247t_test_double_jpeg.jpg,AI,0.984375
ai_sb_stable-diffusion-1-4_192_r0b7b1156t_test_whatsapp_q75,data/final_external_pool/final_test_degraded/ai_sb_stable-diffusion-1-4_192_r0b7b1156t_test_whatsapp_q75.jpg,AI,0.999512
ai_sb_stable-diffusion-1-4_192_r0b7b1156t_test_resize_q80,data/final_external_pool/final_test_degraded/ai_sb_stable-diffusion-1-4_192_r0b7b1156t_test_resize_q80.jpg,AI,0.999512
ai_sb_stable-diffusion-1-4_192_r0b7b1156t_test_double_jpeg,data/final_external_pool/final_test_degraded/ai_sb_stable-diffusion-1-4_192_r0b7b1156t_test_double_jpeg.jpg,AI,0.999512
real_raise_230_r1d00d8ect_test_whatsapp_q75,data/final_external_pool/final_test_degraded/real_raise_230_r1d00d8ect_test_whatsapp_q75.jpg,Real,0.001861
real_raise_230_r1d00d8ect_test_resize_q80,data/final_external_pool/final_test_degraded/real_raise_230_r1d00d8ect_test_resize_q80.jpg,Real,0.001714
real_raise_230_r1d00d8ect_test_double_jpeg,data/final_external_pool/final_test_degraded/real_raise_230_r1d00d8ect_test_double_jpeg.jpg,Real,0.001755
ai_sb_dalle3_056_r1ad2de34t_test_whatsapp_q75,data/final_external_pool/final_test_degraded/ai_sb_dalle3_056_r1ad2de34t_test_whatsapp_q75.jpg,AI,0.999512
ai_sb_dalle3_056_r1ad2de34t_test_resize_q80,data/final_external_pool/final_test_degraded/ai_sb_dalle3_056_r1ad2de34t_test_resize_q80.jpg,AI,0.999512
ai_sb_dalle3_056_r1ad2de34t_test_double_jpeg,data/final_external_pool/final_test_degraded/ai_sb_dalle3_056_r1ad2de34t_test_double_jpeg.jpg,AI,0.999512
real_raise_072_r09445479t_test_whatsapp_q75,data/final_external_pool/final_test_degraded/real_raise_072_r09445479t_test_whatsapp_q75.jpg,Real,0.011330
real_raise_072_r09445479t_test_resize_q80,data/final_external_pool/final_test_degraded/real_raise_072_r09445479t_test_resize_q80.jpg,Real,0.008415
real_raise_072_r09445479t_test_double_jpeg,data/final_external_pool/final_test_degraded/real_raise_072_r09445479t_test_double_jpeg.jpg,Real,0.005707
ai_sb_stable-diffusion-1-3_179_r1d9a31fct_test_whatsapp_q75,data/final_external_pool/final_test_degraded/ai_sb_stable-diffusion-1-3_179_r1d9a31fct_test_whatsapp_q75.jpg,AI,0.031860
ai_sb_stable-diffusion-1-3_179_r1d9a31fct_test_resize_q80,data/final_external_pool/final_test_degraded/ai_sb_stable-diffusion-1-3_179_r1d9a31fct_test_resize_q80.jpg,AI,0.013275
ai_sb_stable-diffusion-1-3_179_r1d9a31fct_test_double_jpeg,data/final_external_pool/final_test_degraded/ai_sb_stable-diffusion-1-3_179_r1d9a31fct_test_double_jpeg.jpg,AI,0.010696
ai_sb_dalle2_010_r09a60f63t_test_whatsapp_q75,data/final_external_pool/final_test_degraded/ai_sb_dalle2_010_r09a60f63t_test_whatsapp_q75.jpg,AI,0.999512
ai_sb_dalle2_010_r09a60f63t_test_resize_q80,data/final_external_pool/final_test_degraded/ai_sb_dalle2_010_r09a60f63t_test_resize_q80.jpg,AI,0.999512
ai_sb_dalle2_010_r09a60f63t_test_double_jpeg,data/final_external_pool/final_test_degraded/ai_sb_dalle2_010_r09a60f63t_test_double_jpeg.jpg,AI,0.999512
real_raise_supp_050_r1a8ee526t_test_whatsapp_q75,data/final_external_pool/final_test_degraded/real_raise_supp_050_r1a8ee526t_test_whatsapp_q75.jpg,Real,0.987793
real_raise_supp_050_r1a8ee526t_test_resize_q80,data/final_external_pool/final_test_degraded/real_raise_supp_050_r1a8ee526t_test_resize_q80.jpg,Real,0.987305
real_raise_supp_050_r1a8ee526t_test_double_jpeg,data/final_external_pool/final_test_degraded/real_raise_supp_050_r1a8ee526t_test_double_jpeg.jpg,Real,0.924316
real_raise_022_r02f1ba48t_test_whatsapp_q75,data/final_external_pool/final_test_degraded/real_raise_022_r02f1ba48t_test_whatsapp_q75.jpg,Real,0.657715
real_raise_022_r02f1ba48t_test_resize_q80,data/final_external_pool/final_test_degraded/real_raise_022_r02f1ba48t_test_resize_q80.jpg,Real,0.624023
real_raise_022_r02f1ba48t_test_double_jpeg,data/final_external_pool/final_test_degraded/real_raise_022_r02f1ba48t_test_double_jpeg.jpg,Real,0.620117
ai_sb_glide_092_r0150031ft_test_whatsapp_q75,data/final_external_pool/final_test_degraded/ai_sb_glide_092_r0150031ft_test_whatsapp_q75.jpg,AI,0.176636
ai_sb_glide_092_r0150031ft_test_resize_q80,data/final_external_pool/final_test_degraded/ai_sb_glide_092_r0150031ft_test_resize_q80.jpg,AI,0.213501
ai_sb_glide_092_r0150031ft_test_double_jpeg,data/final_external_pool/final_test_degraded/ai_sb_glide_092_r0150031ft_test_double_jpeg.jpg,AI,0.184204
real_raise_158_r14289905t_test_whatsapp_q75,data/final_external_pool/final_test_degraded/real_raise_158_r14289905t_test_whatsapp_q75.jpg,Real,0.028549
real_raise_158_r14289905t_test_resize_q80,data/final_external_pool/final_test_degraded/real_raise_158_r14289905t_test_resize_q80.jpg,Real,0.033081
real_raise_158_r14289905t_test_double_jpeg,data/final_external_pool/final_test_degraded/real_raise_158_r14289905t_test_double_jpeg.jpg,Real,0.024384
real_raise_210_r1ae12b3ft_test_whatsapp_q75,data/final_external_pool/final_test_degraded/real_raise_210_r1ae12b3ft_test_whatsapp_q75.jpg,Real,0.000667
real_raise_210_r1ae12b3ft_test_resize_q80,data/final_external_pool/final_test_degraded/real_raise_210_r1ae12b3ft_test_resize_q80.jpg,Real,0.000582
real_raise_210_r1ae12b3ft_test_double_jpeg,data/final_external_pool/final_test_degraded/real_raise_210_r1ae12b3ft_test_double_jpeg.jpg,Real,0.000629
ai_sb_stable-diffusion-1-4_208_r1c9fdcf4t_test_whatsapp_q75,data/final_external_pool/final_test_degraded/ai_sb_stable-diffusion-1-4_208_r1c9fdcf4t_test_whatsapp_q75.jpg,AI,0.972168
ai_sb_stable-diffusion-1-4_208_r1c9fdcf4t_test_resize_q80,data/final_external_pool/final_test_degraded/ai_sb_stable-diffusion-1-4_208_r1c9fdcf4t_test_resize_q80.jpg,AI,0.922852
ai_sb_stable-diffusion-1-4_208_r1c9fdcf4t_test_double_jpeg,data/final_external_pool/final_test_degraded/ai_sb_stable-diffusion-1-4_208_r1c9fdcf4t_test_double_jpeg.jpg,AI,0.875000
ai_sb_glide_097_r06743f8ft_test_whatsapp_q75,data/final_external_pool/final_test_degraded/ai_sb_glide_097_r06743f8ft_test_whatsapp_q75.jpg,AI,0.113403
ai_sb_glide_097_r06743f8ft_test_resize_q80,data/final_external_pool/final_test_degraded/ai_sb_glide_097_r06743f8ft_test_resize_q80.jpg,AI,0.228882
ai_sb_glide_097_r06743f8ft_test_double_jpeg,data/final_external_pool/final_test_degraded/ai_sb_glide_097_r06743f8ft_test_double_jpeg.jpg,AI,0.079895
ai_sb_stable-diffusion-1-3_151_r000da54ft_test_whatsapp_q75,data/final_external_pool/final_test_degraded/ai_sb_stable-diffusion-1-3_151_r000da54ft_test_whatsapp_q75.jpg,AI,0.206787
ai_sb_stable-diffusion-1-3_151_r000da54ft_test_resize_q80,data/final_external_pool/final_test_degraded/ai_sb_stable-diffusion-1-3_151_r000da54ft_test_resize_q80.jpg,AI,0.387939
ai_sb_stable-diffusion-1-3_151_r000da54ft_test_double_jpeg,data/final_external_pool/final_test_degraded/ai_sb_stable-diffusion-1-3_151_r000da54ft_test_double_jpeg.jpg,AI,0.097412
ai_sb_firefly_070_r09a60f63t_test_whatsapp_q75,data/final_external_pool/final_test_degraded/ai_sb_firefly_070_r09a60f63t_test_whatsapp_q75.jpg,AI,1.000000
ai_sb_firefly_070_r09a60f63t_test_resize_q80,data/final_external_pool/final_test_degraded/ai_sb_firefly_070_r09a60f63t_test_resize_q80.jpg,AI,1.000000
ai_sb_firefly_070_r09a60f63t_test_double_jpeg,data/final_external_pool/final_test_degraded/ai_sb_firefly_070_r09a60f63t_test_double_jpeg.jpg,AI,1.000000
real_raise_189_r187df69ft_test_whatsapp_q75,data/final_external_pool/final_test_degraded/real_raise_189_r187df69ft_test_whatsapp_q75.jpg,Real,0.981934
real_raise_189_r187df69ft_test_resize_q80,data/final_external_pool/final_test_degraded/real_raise_189_r187df69ft_test_resize_q80.jpg,Real,0.975586
real_raise_189_r187df69ft_test_double_jpeg,data/final_external_pool/final_test_degraded/real_raise_189_r187df69ft_test_double_jpeg.jpg,Real,0.944824
ai_sb_stable-diffusion-2_234_r1900f7c7t_test_whatsapp_q75,data/final_external_pool/final_test_degraded/ai_sb_stable-diffusion-2_234_r1900f7c7t_test_whatsapp_q75.jpg,AI,0.880371
ai_sb_stable-diffusion-2_234_r1900f7c7t_test_resize_q80,data/final_external_pool/final_test_degraded/ai_sb_stable-diffusion-2_234_r1900f7c7t_test_resize_q80.jpg,AI,0.791992
ai_sb_stable-diffusion-2_234_r1900f7c7t_test_double_jpeg,data/final_external_pool/final_test_degraded/ai_sb_stable-diffusion-2_234_r1900f7c7t_test_double_jpeg.jpg,AI,0.904297
ai_sb_firefly_088_r1c9fdcf4t_test_whatsapp_q75,data/final_external_pool/final_test_degraded/ai_sb_firefly_088_r1c9fdcf4t_test_whatsapp_q75.jpg,AI,0.999023
ai_sb_firefly_088_r1c9fdcf4t_test_resize_q80,data/final_external_pool/final_test_degraded/ai_sb_firefly_088_r1c9fdcf4t_test_resize_q80.jpg,AI,0.998535
ai_sb_firefly_088_r1c9fdcf4t_test_double_jpeg,data/final_external_pool/final_test_degraded/ai_sb_firefly_088_r1c9fdcf4t_test_double_jpeg.jpg,AI,0.997559
real_raise_180_r173ee7e8t_test_whatsapp_q75,data/final_external_pool/final_test_degraded/real_raise_180_r173ee7e8t_test_whatsapp_q75.jpg,Real,0.004963
real_raise_180_r173ee7e8t_test_resize_q80,data/final_external_pool/final_test_degraded/real_raise_180_r173ee7e8t_test_resize_q80.jpg,Real,0.005405
real_raise_180_r173ee7e8t_test_double_jpeg,data/final_external_pool/final_test_degraded/real_raise_180_r173ee7e8t_test_double_jpeg.jpg,Real,0.003736
real_raise_supp_022_r0b3220e1t_test_whatsapp_q75,data/final_external_pool/final_test_degraded/real_raise_supp_022_r0b3220e1t_test_whatsapp_q75.jpg,Real,0.952637
real_raise_supp_022_r0b3220e1t_test_resize_q80,data/final_external_pool/final_test_degraded/real_raise_supp_022_r0b3220e1t_test_resize_q80.jpg,Real,0.894531
real_raise_supp_022_r0b3220e1t_test_double_jpeg,data/final_external_pool/final_test_degraded/real_raise_supp_022_r0b3220e1t_test_double_jpeg.jpg,Real,0.863770
ai_sb_stable-diffusion-2_228_r1297fd0bt_test_whatsapp_q75,data/final_external_pool/final_test_degraded/ai_sb_stable-diffusion-2_228_r1297fd0bt_test_whatsapp_q75.jpg,AI,1.000000
ai_sb_stable-diffusion-2_228_r1297fd0bt_test_resize_q80,data/final_external_pool/final_test_degraded/ai_sb_stable-diffusion-2_228_r1297fd0bt_test_resize_q80.jpg,AI,0.999512
ai_sb_stable-diffusion-2_228_r1297fd0bt_test_double_jpeg,data/final_external_pool/final_test_degraded/ai_sb_stable-diffusion-2_228_r1297fd0bt_test_double_jpeg.jpg,AI,0.999512
ai_sb_stable-diffusion-2_219_r08996953t_test_whatsapp_q75,data/final_external_pool/final_test_degraded/ai_sb_stable-diffusion-2_219_r08996953t_test_whatsapp_q75.jpg,AI,0.809082
ai_sb_stable-diffusion-2_219_r08996953t_test_resize_q80,data/final_external_pool/final_test_degraded/ai_sb_stable-diffusion-2_219_r08996953t_test_resize_q80.jpg,AI,0.888184
ai_sb_stable-diffusion-2_219_r08996953t_test_double_jpeg,data/final_external_pool/final_test_degraded/ai_sb_stable-diffusion-2_219_r08996953t_test_double_jpeg.jpg,AI,0.726562
ai_sb_stable-diffusion-1-3_171_r159d3942t_test_whatsapp_q75,data/final_external_pool/final_test_degraded/ai_sb_stable-diffusion-1-3_171_r159d3942t_test_whatsapp_q75.jpg,AI,0.978027
ai_sb_stable-diffusion-1-3_171_r159d3942t_test_resize_q80,data/final_external_pool/final_test_degraded/ai_sb_stable-diffusion-1-3_171_r159d3942t_test_resize_q80.jpg,AI,0.985840
ai_sb_stable-diffusion-1-3_171_r159d3942t_test_double_jpeg,data/final_external_pool/final_test_degraded/ai_sb_stable-diffusion-1-3_171_r159d3942t_test_double_jpeg.jpg,AI,0.970215
real_raise_102_r0cfedd72t_test_whatsapp_q75,data/final_external_pool/final_test_degraded/real_raise_102_r0cfedd72t_test_whatsapp_q75.jpg,Real,0.005665
real_raise_102_r0cfedd72t_test_resize_q80,data/final_external_pool/final_test_degraded/real_raise_102_r0cfedd72t_test_resize_q80.jpg,Real,0.006413
real_raise_102_r0cfedd72t_test_double_jpeg,data/final_external_pool/final_test_degraded/real_raise_102_r0cfedd72t_test_double_jpeg.jpg,Real,0.005001
ai_sb_stable-diffusion-1-4_193_r0cd4ffb0t_test_whatsapp_q75,data/final_external_pool/final_test_degraded/ai_sb_stable-diffusion-1-4_193_r0cd4ffb0t_test_whatsapp_q75.jpg,AI,0.994629
ai_sb_stable-diffusion-1-4_193_r0cd4ffb0t_test_resize_q80,data/final_external_pool/final_test_degraded/ai_sb_stable-diffusion-1-4_193_r0cd4ffb0t_test_resize_q80.jpg,AI,0.992188
ai_sb_stable-diffusion-1-4_193_r0cd4ffb0t_test_double_jpeg,data/final_external_pool/final_test_degraded/ai_sb_stable-diffusion-1-4_193_r0cd4ffb0t_test_double_jpeg.jpg,AI,0.994629
real_raise_170_r15f16465t_test_whatsapp_q75,data/final_external_pool/final_test_degraded/real_raise_170_r15f16465t_test_whatsapp_q75.jpg,Real,0.007607
real_raise_170_r15f16465t_test_resize_q80,data/final_external_pool/final_test_degraded/real_raise_170_r15f16465t_test_resize_q80.jpg,Real,0.008644
real_raise_170_r15f16465t_test_double_jpeg,data/final_external_pool/final_test_degraded/real_raise_170_r15f16465t_test_double_jpeg.jpg,Real,0.011032
ai_sb_glide_118_r1c9fdcf4t_test_whatsapp_q75,data/final_external_pool/final_test_degraded/ai_sb_glide_118_r1c9fdcf4t_test_whatsapp_q75.jpg,AI,0.999023
ai_sb_glide_118_r1c9fdcf4t_test_resize_q80,data/final_external_pool/final_test_degraded/ai_sb_glide_118_r1c9fdcf4t_test_resize_q80.jpg,AI,0.999023
ai_sb_glide_118_r1c9fdcf4t_test_double_jpeg,data/final_external_pool/final_test_degraded/ai_sb_glide_118_r1c9fdcf4t_test_double_jpeg.jpg,AI,0.998047
real_raise_097_r0c1f588dt_test_whatsapp_q75,data/final_external_pool/final_test_degraded/real_raise_097_r0c1f588dt_test_whatsapp_q75.jpg,Real,0.009933
real_raise_097_r0c1f588dt_test_resize_q80,data/final_external_pool/final_test_degraded/real_raise_097_r0c1f588dt_test_resize_q80.jpg,Real,0.009819
real_raise_097_r0c1f588dt_test_double_jpeg,data/final_external_pool/final_test_degraded/real_raise_097_r0c1f588dt_test_double_jpeg.jpg,Real,0.014389
real_raise_121_r0faffef3t_test_whatsapp_q75,data/final_external_pool/final_test_degraded/real_raise_121_r0faffef3t_test_whatsapp_q75.jpg,Real,0.022766
real_raise_121_r0faffef3t_test_resize_q80,data/final_external_pool/final_test_degraded/real_raise_121_r0faffef3t_test_resize_q80.jpg,Real,0.016220
real_raise_121_r0faffef3t_test_double_jpeg,data/final_external_pool/final_test_degraded/real_raise_121_r0faffef3t_test_double_jpeg.jpg,Real,0.006168
ai_sb_midjourney-v5_138_r1297fd0bt_test_whatsapp_q75,data/final_external_pool/final_test_degraded/ai_sb_midjourney-v5_138_r1297fd0bt_test_whatsapp_q75.jpg,AI,0.023468
ai_sb_midjourney-v5_138_r1297fd0bt_test_resize_q80,data/final_external_pool/final_test_degraded/ai_sb_midjourney-v5_138_r1297fd0bt_test_resize_q80.jpg,AI,0.020523
ai_sb_midjourney-v5_138_r1297fd0bt_test_double_jpeg,data/final_external_pool/final_test_degraded/ai_sb_midjourney-v5_138_r1297fd0bt_test_double_jpeg.jpg,AI,0.014618
real_raise_026_r0372042dt_test_whatsapp_q75,data/final_external_pool/final_test_degraded/real_raise_026_r0372042dt_test_whatsapp_q75.jpg,Real,0.984863
real_raise_026_r0372042dt_test_resize_q80,data/final_external_pool/final_test_degraded/real_raise_026_r0372042dt_test_resize_q80.jpg,Real,0.981934
real_raise_026_r0372042dt_test_double_jpeg,data/final_external_pool/final_test_degraded/real_raise_026_r0372042dt_test_double_jpeg.jpg,Real,0.989258
ai_sb_midjourney-v5_133_r0cd4ffb0t_test_whatsapp_q75,data/final_external_pool/final_test_degraded/ai_sb_midjourney-v5_133_r0cd4ffb0t_test_whatsapp_q75.jpg,AI,0.942383
ai_sb_midjourney-v5_133_r0cd4ffb0t_test_resize_q80,data/final_external_pool/final_test_degraded/ai_sb_midjourney-v5_133_r0cd4ffb0t_test_resize_q80.jpg,AI,0.933105
ai_sb_midjourney-v5_133_r0cd4ffb0t_test_double_jpeg,data/final_external_pool/final_test_degraded/ai_sb_midjourney-v5_133_r0cd4ffb0t_test_double_jpeg.jpg,AI,0.809082
real_raise_185_r180bcbd7t_test_whatsapp_q75,data/final_external_pool/final_test_degraded/real_raise_185_r180bcbd7t_test_whatsapp_q75.jpg,Real,0.009377
real_raise_185_r180bcbd7t_test_resize_q80,data/final_external_pool/final_test_degraded/real_raise_185_r180bcbd7t_test_resize_q80.jpg,Real,0.006439
real_raise_185_r180bcbd7t_test_double_jpeg,data/final_external_pool/final_test_degraded/real_raise_185_r180bcbd7t_test_double_jpeg.jpg,Real,0.006931
real_raise_080_r0a19cb85t_test_whatsapp_q75,data/final_external_pool/final_test_degraded/real_raise_080_r0a19cb85t_test_whatsapp_q75.jpg,Real,0.002125
real_raise_080_r0a19cb85t_test_resize_q80,data/final_external_pool/final_test_degraded/real_raise_080_r0a19cb85t_test_resize_q80.jpg,Real,0.002296
real_raise_080_r0a19cb85t_test_double_jpeg,data/final_external_pool/final_test_degraded/real_raise_080_r0a19cb85t_test_double_jpeg.jpg,Real,0.001846
ai_sb_stable-diffusion-1-4_187_r06743f8ft_test_whatsapp_q75,data/final_external_pool/final_test_degraded/ai_sb_stable-diffusion-1-4_187_r06743f8ft_test_whatsapp_q75.jpg,AI,0.952148
ai_sb_stable-diffusion-1-4_187_r06743f8ft_test_resize_q80,data/final_external_pool/final_test_degraded/ai_sb_stable-diffusion-1-4_187_r06743f8ft_test_resize_q80.jpg,AI,0.964355
ai_sb_stable-diffusion-1-4_187_r06743f8ft_test_double_jpeg,data/final_external_pool/final_test_degraded/ai_sb_stable-diffusion-1-4_187_r06743f8ft_test_double_jpeg.jpg,AI,0.813965
real_raise_123_r0fdfc4f0t_test_whatsapp_q75,data/final_external_pool/final_test_degraded/real_raise_123_r0fdfc4f0t_test_whatsapp_q75.jpg,Real,0.008614
real_raise_123_r0fdfc4f0t_test_resize_q80,data/final_external_pool/final_test_degraded/real_raise_123_r0fdfc4f0t_test_resize_q80.jpg,Real,0.008812
real_raise_123_r0fdfc4f0t_test_double_jpeg,data/final_external_pool/final_test_degraded/real_raise_123_r0fdfc4f0t_test_double_jpeg.jpg,Real,0.003885
ai_sb_glide_107_r116825e2t_test_whatsapp_q75,data/final_external_pool/final_test_degraded/ai_sb_glide_107_r116825e2t_test_whatsapp_q75.jpg,AI,0.998535
ai_sb_glide_107_r116825e2t_test_resize_q80,data/final_external_pool/final_test_degraded/ai_sb_glide_107_r116825e2t_test_resize_q80.jpg,AI,0.997559
ai_sb_glide_107_r116825e2t_test_double_jpeg,data/final_external_pool/final_test_degraded/ai_sb_glide_107_r116825e2t_test_double_jpeg.jpg,AI,0.996094
real_raise_045_r05bf2f53t_test_whatsapp_q75,data/final_external_pool/final_test_degraded/real_raise_045_r05bf2f53t_test_whatsapp_q75.jpg,Real,0.018295
real_raise_045_r05bf2f53t_test_resize_q80,data/final_external_pool/final_test_degraded/real_raise_045_r05bf2f53t_test_resize_q80.jpg,Real,0.031921
real_raise_045_r05bf2f53t_test_double_jpeg,data/final_external_pool/final_test_degraded/real_raise_045_r05bf2f53t_test_double_jpeg.jpg,Real,0.036987
ai_sb_dalle3_053_r17fe8532t_test_whatsapp_q75,data/final_external_pool/final_test_degraded/ai_sb_dalle3_053_r17fe8532t_test_whatsapp_q75.jpg,AI,0.998535
ai_sb_dalle3_053_r17fe8532t_test_resize_q80,data/final_external_pool/final_test_degraded/ai_sb_dalle3_053_r17fe8532t_test_resize_q80.jpg,AI,0.998047
ai_sb_dalle3_053_r17fe8532t_test_double_jpeg,data/final_external_pool/final_test_degraded/ai_sb_dalle3_053_r17fe8532t_test_double_jpeg.jpg,AI,0.997070
ai_sb_stable-diffusion-2_213_r026b5360t_test_whatsapp_q75,data/final_external_pool/final_test_degraded/ai_sb_stable-diffusion-2_213_r026b5360t_test_whatsapp_q75.jpg,AI,0.999023
ai_sb_stable-diffusion-2_213_r026b5360t_test_resize_q80,data/final_external_pool/final_test_degraded/ai_sb_stable-diffusion-2_213_r026b5360t_test_resize_q80.jpg,AI,0.999023
ai_sb_stable-diffusion-2_213_r026b5360t_test_double_jpeg,data/final_external_pool/final_test_degraded/ai_sb_stable-diffusion-2_213_r026b5360t_test_double_jpeg.jpg,AI,0.999023
real_raise_018_r0279b17bt_test_whatsapp_q75,data/final_external_pool/final_test_degraded/real_raise_018_r0279b17bt_test_whatsapp_q75.jpg,Real,0.054596
real_raise_018_r0279b17bt_test_resize_q80,data/final_external_pool/final_test_degraded/real_raise_018_r0279b17bt_test_resize_q80.jpg,Real,0.049316
real_raise_018_r0279b17bt_test_double_jpeg,data/final_external_pool/final_test_degraded/real_raise_018_r0279b17bt_test_double_jpeg.jpg,Real,0.030731
real_raise_055_r0703243bt_test_whatsapp_q75,data/final_external_pool/final_test_degraded/real_raise_055_r0703243bt_test_whatsapp_q75.jpg,Real,0.015778
real_raise_055_r0703243bt_test_resize_q80,data/final_external_pool/final_test_degraded/real_raise_055_r0703243bt_test_resize_q80.jpg,Real,0.016022
real_raise_055_r0703243bt_test_double_jpeg,data/final_external_pool/final_test_degraded/real_raise_055_r0703243bt_test_double_jpeg.jpg,Real,0.011421
ai_sb_firefly_079_r138ad247t_test_whatsapp_q75,data/final_external_pool/final_test_degraded/ai_sb_firefly_079_r138ad247t_test_whatsapp_q75.jpg,AI,0.986328
ai_sb_firefly_079_r138ad247t_test_resize_q80,data/final_external_pool/final_test_degraded/ai_sb_firefly_079_r138ad247t_test_resize_q80.jpg,AI,0.963379
ai_sb_firefly_079_r138ad247t_test_double_jpeg,data/final_external_pool/final_test_degraded/ai_sb_firefly_079_r138ad247t_test_double_jpeg.jpg,AI,0.924316
ai_sb_firefly_090_r1e9082f9t_test_whatsapp_q75,data/final_external_pool/final_test_degraded/ai_sb_firefly_090_r1e9082f9t_test_whatsapp_q75.jpg,AI,0.281494
ai_sb_firefly_090_r1e9082f9t_test_resize_q80,data/final_external_pool/final_test_degraded/ai_sb_firefly_090_r1e9082f9t_test_resize_q80.jpg,AI,0.419189
ai_sb_firefly_090_r1e9082f9t_test_double_jpeg,data/final_external_pool/final_test_degraded/ai_sb_firefly_090_r1e9082f9t_test_double_jpeg.jpg,AI,0.244873
ai_sb_stable-diffusion-2_225_r0f5beb66t_test_whatsapp_q75,data/final_external_pool/final_test_degraded/ai_sb_stable-diffusion-2_225_r0f5beb66t_test_whatsapp_q75.jpg,AI,0.995117
ai_sb_stable-diffusion-2_225_r0f5beb66t_test_resize_q80,data/final_external_pool/final_test_degraded/ai_sb_stable-diffusion-2_225_r0f5beb66t_test_resize_q80.jpg,AI,0.993164
ai_sb_stable-diffusion-2_225_r0f5beb66t_test_double_jpeg,data/final_external_pool/final_test_degraded/ai_sb_stable-diffusion-2_225_r0f5beb66t_test_double_jpeg.jpg,AI,0.997070
ai_sb_supp_stable-diffusion-1-4_020_r002fc3e2t_test_whatsapp_q75,data/final_external_pool/final_test_degraded/ai_sb_supp_stable-diffusion-1-4_020_r002fc3e2t_test_whatsapp_q75.jpg,AI,0.999023
ai_sb_supp_stable-diffusion-1-4_020_r002fc3e2t_test_resize_q80,data/final_external_pool/final_test_degraded/ai_sb_supp_stable-diffusion-1-4_020_r002fc3e2t_test_resize_q80.jpg,AI,0.999023
ai_sb_supp_stable-diffusion-1-4_020_r002fc3e2t_test_double_jpeg,data/final_external_pool/final_test_degraded/ai_sb_supp_stable-diffusion-1-4_020_r002fc3e2t_test_double_jpeg.jpg,AI,0.999023
real_raise_206_r1a8fe570t_test_whatsapp_q75,data/final_external_pool/final_test_degraded/real_raise_206_r1a8fe570t_test_whatsapp_q75.jpg,Real,0.021088
real_raise_206_r1a8fe570t_test_resize_q80,data/final_external_pool/final_test_degraded/real_raise_206_r1a8fe570t_test_resize_q80.jpg,Real,0.023071
real_raise_206_r1a8fe570t_test_double_jpeg,data/final_external_pool/final_test_degraded/real_raise_206_r1a8fe570t_test_double_jpeg.jpg,Real,0.008186
real_raise_058_r079d086et_test_whatsapp_q75,data/final_external_pool/final_test_degraded/real_raise_058_r079d086et_test_whatsapp_q75.jpg,Real,0.002779
real_raise_058_r079d086et_test_resize_q80,data/final_external_pool/final_test_degraded/real_raise_058_r079d086et_test_resize_q80.jpg,Real,0.002947
real_raise_058_r079d086et_test_double_jpeg,data/final_external_pool/final_test_degraded/real_raise_058_r079d086et_test_double_jpeg.jpg,Real,0.002800
ai_sb_glide_101_r0a9384b1t_test_whatsapp_q75,data/final_external_pool/final_test_degraded/ai_sb_glide_101_r0a9384b1t_test_whatsapp_q75.jpg,AI,0.906738
ai_sb_glide_101_r0a9384b1t_test_resize_q80,data/final_external_pool/final_test_degraded/ai_sb_glide_101_r0a9384b1t_test_resize_q80.jpg,AI,0.888672
ai_sb_glide_101_r0a9384b1t_test_double_jpeg,data/final_external_pool/final_test_degraded/ai_sb_glide_101_r0a9384b1t_test_double_jpeg.jpg,AI,0.802246
real_raise_supp_041_r15efd876t_test_whatsapp_q75,data/final_external_pool/final_test_degraded/real_raise_supp_041_r15efd876t_test_whatsapp_q75.jpg,Real,0.061523
real_raise_supp_041_r15efd876t_test_resize_q80,data/final_external_pool/final_test_degraded/real_raise_supp_041_r15efd876t_test_resize_q80.jpg,Real,0.050049
real_raise_supp_041_r15efd876t_test_double_jpeg,data/final_external_pool/final_test_degraded/real_raise_supp_041_r15efd876t_test_double_jpeg.jpg,Real,0.070068
real_raise_supp_009_r04395e54t_test_whatsapp_q75,data/final_external_pool/final_test_degraded/real_raise_supp_009_r04395e54t_test_whatsapp_q75.jpg,Real,0.526855
real_raise_supp_009_r04395e54t_test_resize_q80,data/final_external_pool/final_test_degraded/real_raise_supp_009_r04395e54t_test_resize_q80.jpg,Real,0.613281
real_raise_supp_009_r04395e54t_test_double_jpeg,data/final_external_pool/final_test_degraded/real_raise_supp_009_r04395e54t_test_double_jpeg.jpg,Real,0.316895
real_raise_152_r13934dc7t_test_whatsapp_q75,data/final_external_pool/final_test_degraded/real_raise_152_r13934dc7t_test_whatsapp_q75.jpg,Real,0.630371
real_raise_152_r13934dc7t_test_resize_q80,data/final_external_pool/final_test_degraded/real_raise_152_r13934dc7t_test_resize_q80.jpg,Real,0.613281
real_raise_152_r13934dc7t_test_double_jpeg,data/final_external_pool/final_test_degraded/real_raise_152_r13934dc7t_test_double_jpeg.jpg,Real,0.662109
real_raise_supp_028_r0f25b326t_test_whatsapp_q75,data/final_external_pool/final_test_degraded/real_raise_supp_028_r0f25b326t_test_whatsapp_q75.jpg,Real,0.837891
real_raise_supp_028_r0f25b326t_test_resize_q80,data/final_external_pool/final_test_degraded/real_raise_supp_028_r0f25b326t_test_resize_q80.jpg,Real,0.922363
real_raise_supp_028_r0f25b326t_test_double_jpeg,data/final_external_pool/final_test_degraded/real_raise_supp_028_r0f25b326t_test_double_jpeg.jpg,Real,0.920898
real_raise_supp_014_r070a874ct_test_whatsapp_q75,data/final_external_pool/final_test_degraded/real_raise_supp_014_r070a874ct_test_whatsapp_q75.jpg,Real,0.040527
real_raise_supp_014_r070a874ct_test_resize_q80,data/final_external_pool/final_test_degraded/real_raise_supp_014_r070a874ct_test_resize_q80.jpg,Real,0.034546
real_raise_supp_014_r070a874ct_test_double_jpeg,data/final_external_pool/final_test_degraded/real_raise_supp_014_r070a874ct_test_double_jpeg.jpg,Real,0.024002
real_raise_supp_006_r02d732f8t_test_whatsapp_q75,data/final_external_pool/final_test_degraded/real_raise_supp_006_r02d732f8t_test_whatsapp_q75.jpg,Real,0.001362
real_raise_supp_006_r02d732f8t_test_resize_q80,data/final_external_pool/final_test_degraded/real_raise_supp_006_r02d732f8t_test_resize_q80.jpg,Real,0.001444
real_raise_supp_006_r02d732f8t_test_double_jpeg,data/final_external_pool/final_test_degraded/real_raise_supp_006_r02d732f8t_test_double_jpeg.jpg,Real,0.001099
ai_sb_dalle2_022_r169c7350t_test_whatsapp_q75,data/final_external_pool/final_test_degraded/ai_sb_dalle2_022_r169c7350t_test_whatsapp_q75.jpg,AI,0.983398
ai_sb_dalle2_022_r169c7350t_test_resize_q80,data/final_external_pool/final_test_degraded/ai_sb_dalle2_022_r169c7350t_test_resize_q80.jpg,AI,0.981445
ai_sb_dalle2_022_r169c7350t_test_double_jpeg,data/final_external_pool/final_test_degraded/ai_sb_dalle2_022_r169c7350t_test_double_jpeg.jpg,AI,0.977539
real_raise_supp_025_r0cea5432t_test_whatsapp_q75,data/final_external_pool/final_test_degraded/real_raise_supp_025_r0cea5432t_test_whatsapp_q75.jpg,Real,0.959473
real_raise_supp_025_r0cea5432t_test_resize_q80,data/final_external_pool/final_test_degraded/real_raise_supp_025_r0cea5432t_test_resize_q80.jpg,Real,0.888184
real_raise_supp_025_r0cea5432t_test_double_jpeg,data/final_external_pool/final_test_degraded/real_raise_supp_025_r0cea5432t_test_double_jpeg.jpg,Real,0.959473
real_raise_242_r1e8acc5ct_test_whatsapp_q75,data/final_external_pool/final_test_degraded/real_raise_242_r1e8acc5ct_test_whatsapp_q75.jpg,Real,0.038025
real_raise_242_r1e8acc5ct_test_resize_q80,data/final_external_pool/final_test_degraded/real_raise_242_r1e8acc5ct_test_resize_q80.jpg,Real,0.032104
real_raise_242_r1e8acc5ct_test_double_jpeg,data/final_external_pool/final_test_degraded/real_raise_242_r1e8acc5ct_test_double_jpeg.jpg,Real,0.050140
ai_sb_midjourney-v5_126_r056f233bt_test_whatsapp_q75,data/final_external_pool/final_test_degraded/ai_sb_midjourney-v5_126_r056f233bt_test_whatsapp_q75.jpg,AI,0.618652
ai_sb_midjourney-v5_126_r056f233bt_test_resize_q80,data/final_external_pool/final_test_degraded/ai_sb_midjourney-v5_126_r056f233bt_test_resize_q80.jpg,AI,0.462158
ai_sb_midjourney-v5_126_r056f233bt_test_double_jpeg,data/final_external_pool/final_test_degraded/ai_sb_midjourney-v5_126_r056f233bt_test_double_jpeg.jpg,AI,0.246582
real_raise_035_r047aa954t_test_whatsapp_q75,data/final_external_pool/final_test_degraded/real_raise_035_r047aa954t_test_whatsapp_q75.jpg,Real,0.005798
real_raise_035_r047aa954t_test_resize_q80,data/final_external_pool/final_test_degraded/real_raise_035_r047aa954t_test_resize_q80.jpg,Real,0.004719
real_raise_035_r047aa954t_test_double_jpeg,data/final_external_pool/final_test_degraded/real_raise_035_r047aa954t_test_double_jpeg.jpg,Real,0.003693
ai_sb_dalle2_012_r0b7b1156t_test_whatsapp_q75,data/final_external_pool/final_test_degraded/ai_sb_dalle2_012_r0b7b1156t_test_whatsapp_q75.jpg,AI,0.620605
ai_sb_dalle2_012_r0b7b1156t_test_resize_q80,data/final_external_pool/final_test_degraded/ai_sb_dalle2_012_r0b7b1156t_test_resize_q80.jpg,AI,0.781250
ai_sb_dalle2_012_r0b7b1156t_test_double_jpeg,data/final_external_pool/final_test_degraded/ai_sb_dalle2_012_r0b7b1156t_test_double_jpeg.jpg,AI,0.445312
real_raise_184_r17f60607t_test_whatsapp_q75,data/final_external_pool/final_test_degraded/real_raise_184_r17f60607t_test_whatsapp_q75.jpg,Real,0.027634
real_raise_184_r17f60607t_test_resize_q80,data/final_external_pool/final_test_degraded/real_raise_184_r17f60607t_test_resize_q80.jpg,Real,0.010986
real_raise_184_r17f60607t_test_double_jpeg,data/final_external_pool/final_test_degraded/real_raise_184_r17f60607t_test_double_jpeg.jpg,Real,0.014336
real_raise_127_r1070b804t_test_whatsapp_q75,data/final_external_pool/final_test_degraded/real_raise_127_r1070b804t_test_whatsapp_q75.jpg,Real,0.017914
real_raise_127_r1070b804t_test_resize_q80,data/final_external_pool/final_test_degraded/real_raise_127_r1070b804t_test_resize_q80.jpg,Real,0.029419
real_raise_127_r1070b804t_test_double_jpeg,data/final_external_pool/final_test_degraded/real_raise_127_r1070b804t_test_double_jpeg.jpg,Real,0.020523
ai_sb_stable-diffusion-1-3_176_r1ad2de34t_test_whatsapp_q75,data/final_external_pool/final_test_degraded/ai_sb_stable-diffusion-1-3_176_r1ad2de34t_test_whatsapp_q75.jpg,AI,0.994141
ai_sb_stable-diffusion-1-3_176_r1ad2de34t_test_resize_q80,data/final_external_pool/final_test_degraded/ai_sb_stable-diffusion-1-3_176_r1ad2de34t_test_resize_q80.jpg,AI,0.990234
ai_sb_stable-diffusion-1-3_176_r1ad2de34t_test_double_jpeg,data/final_external_pool/final_test_degraded/ai_sb_stable-diffusion-1-3_176_r1ad2de34t_test_double_jpeg.jpg,AI,0.953613
ai_sb_firefly_076_r102b4aa4t_test_whatsapp_q75,data/final_external_pool/final_test_degraded/ai_sb_firefly_076_r102b4aa4t_test_whatsapp_q75.jpg,AI,0.026352
ai_sb_firefly_076_r102b4aa4t_test_resize_q80,data/final_external_pool/final_test_degraded/ai_sb_firefly_076_r102b4aa4t_test_resize_q80.jpg,AI,0.034088
ai_sb_firefly_076_r102b4aa4t_test_double_jpeg,data/final_external_pool/final_test_degraded/ai_sb_firefly_076_r102b4aa4t_test_double_jpeg.jpg,AI,0.013535
ai_sb_supp_stable-diffusion-2_024_r00444b95t_test_whatsapp_q75,data/final_external_pool/final_test_degraded/ai_sb_supp_stable-diffusion-2_024_r00444b95t_test_whatsapp_q75.jpg,AI,0.989258
ai_sb_supp_stable-diffusion-2_024_r00444b95t_test_resize_q80,data/final_external_pool/final_test_degraded/ai_sb_supp_stable-diffusion-2_024_r00444b95t_test_resize_q80.jpg,AI,0.991211
ai_sb_supp_stable-diffusion-2_024_r00444b95t_test_double_jpeg,data/final_external_pool/final_test_degraded/ai_sb_supp_stable-diffusion-2_024_r00444b95t_test_double_jpeg.jpg,AI,0.983398
ai_sb_stable-diffusion-2_215_r045be2act_test_whatsapp_q75,data/final_external_pool/final_test_degraded/ai_sb_stable-diffusion-2_215_r045be2act_test_whatsapp_q75.jpg,AI,0.999023
ai_sb_stable-diffusion-2_215_r045be2act_test_resize_q80,data/final_external_pool/final_test_degraded/ai_sb_stable-diffusion-2_215_r045be2act_test_resize_q80.jpg,AI,0.999023
ai_sb_stable-diffusion-2_215_r045be2act_test_double_jpeg,data/final_external_pool/final_test_degraded/ai_sb_stable-diffusion-2_215_r045be2act_test_double_jpeg.jpg,AI,0.999023
ai_sb_stable-diffusion-1-3_177_r1bdb6385t_test_whatsapp_q75,data/final_external_pool/final_test_degraded/ai_sb_stable-diffusion-1-3_177_r1bdb6385t_test_whatsapp_q75.jpg,AI,0.994141
ai_sb_stable-diffusion-1-3_177_r1bdb6385t_test_resize_q80,data/final_external_pool/final_test_degraded/ai_sb_stable-diffusion-1-3_177_r1bdb6385t_test_resize_q80.jpg,AI,0.988281
ai_sb_stable-diffusion-1-3_177_r1bdb6385t_test_double_jpeg,data/final_external_pool/final_test_degraded/ai_sb_stable-diffusion-1-3_177_r1bdb6385t_test_double_jpeg.jpg,AI,0.992676
ai_sb_stable-diffusion-2_212_r0150031ft_test_whatsapp_q75,data/final_external_pool/final_test_degraded/ai_sb_stable-diffusion-2_212_r0150031ft_test_whatsapp_q75.jpg,AI,0.870605
ai_sb_stable-diffusion-2_212_r0150031ft_test_resize_q80,data/final_external_pool/final_test_degraded/ai_sb_stable-diffusion-2_212_r0150031ft_test_resize_q80.jpg,AI,0.911133
ai_sb_stable-diffusion-2_212_r0150031ft_test_double_jpeg,data/final_external_pool/final_test_degraded/ai_sb_stable-diffusion-2_212_r0150031ft_test_double_jpeg.jpg,AI,0.760254
real_raise_supp_039_r14902ba4t_test_whatsapp_q75,data/final_external_pool/final_test_degraded/real_raise_supp_039_r14902ba4t_test_whatsapp_q75.jpg,Real,0.150269
real_raise_supp_039_r14902ba4t_test_resize_q80,data/final_external_pool/final_test_degraded/real_raise_supp_039_r14902ba4t_test_resize_q80.jpg,Real,0.087891
real_raise_supp_039_r14902ba4t_test_double_jpeg,data/final_external_pool/final_test_degraded/real_raise_supp_039_r14902ba4t_test_double_jpeg.jpg,Real,0.069275
real_raise_070_r08d2b4dat_test_whatsapp_q75,data/final_external_pool/final_test_degraded/real_raise_070_r08d2b4dat_test_whatsapp_q75.jpg,Real,0.068787
real_raise_070_r08d2b4dat_test_resize_q80,data/final_external_pool/final_test_degraded/real_raise_070_r08d2b4dat_test_resize_q80.jpg,Real,0.067322
real_raise_070_r08d2b4dat_test_double_jpeg,data/final_external_pool/final_test_degraded/real_raise_070_r08d2b4dat_test_double_jpeg.jpg,Real,0.023071
ai_sb_dalle2_001_r000da54ft_test_whatsapp_q75,data/final_external_pool/final_test_degraded/ai_sb_dalle2_001_r000da54ft_test_whatsapp_q75.jpg,AI,0.289795
ai_sb_dalle2_001_r000da54ft_test_resize_q80,data/final_external_pool/final_test_degraded/ai_sb_dalle2_001_r000da54ft_test_resize_q80.jpg,AI,0.279541
ai_sb_dalle2_001_r000da54ft_test_double_jpeg,data/final_external_pool/final_test_degraded/ai_sb_dalle2_001_r000da54ft_test_double_jpeg.jpg,AI,0.063232
real_raise_114_r0f137652t_test_whatsapp_q75,data/final_external_pool/final_test_degraded/real_raise_114_r0f137652t_test_whatsapp_q75.jpg,Real,0.086609
real_raise_114_r0f137652t_test_resize_q80,data/final_external_pool/final_test_degraded/real_raise_114_r0f137652t_test_resize_q80.jpg,Real,0.055725
real_raise_114_r0f137652t_test_double_jpeg,data/final_external_pool/final_test_degraded/real_raise_114_r0f137652t_test_double_jpeg.jpg,Real,0.043365
ai_sb_supp_midjourney-v5_013_r001d260dt_test_whatsapp_q75,data/final_external_pool/final_test_degraded/ai_sb_supp_midjourney-v5_013_r001d260dt_test_whatsapp_q75.jpg,AI,0.689453
ai_sb_supp_midjourney-v5_013_r001d260dt_test_resize_q80,data/final_external_pool/final_test_degraded/ai_sb_supp_midjourney-v5_013_r001d260dt_test_resize_q80.jpg,AI,0.626465
ai_sb_supp_midjourney-v5_013_r001d260dt_test_double_jpeg,data/final_external_pool/final_test_degraded/ai_sb_supp_midjourney-v5_013_r001d260dt_test_double_jpeg.jpg,AI,0.222046
real_raise_supp_001_r001d260dt_test_whatsapp_q75,data/final_external_pool/final_test_degraded/real_raise_supp_001_r001d260dt_test_whatsapp_q75.jpg,Real,0.035217
real_raise_supp_001_r001d260dt_test_resize_q80,data/final_external_pool/final_test_degraded/real_raise_supp_001_r001d260dt_test_resize_q80.jpg,Real,0.028442
real_raise_supp_001_r001d260dt_test_double_jpeg,data/final_external_pool/final_test_degraded/real_raise_supp_001_r001d260dt_test_double_jpeg.jpg,Real,0.084961
real_raise_212_r1b1c1019t_test_whatsapp_q75,data/final_external_pool/final_test_degraded/real_raise_212_r1b1c1019t_test_whatsapp_q75.jpg,Real,0.087708
real_raise_212_r1b1c1019t_test_resize_q80,data/final_external_pool/final_test_degraded/real_raise_212_r1b1c1019t_test_resize_q80.jpg,Real,0.085266
real_raise_212_r1b1c1019t_test_double_jpeg,data/final_external_pool/final_test_degraded/real_raise_212_r1b1c1019t_test_double_jpeg.jpg,Real,0.090271
ai_sb_stable-diffusion-1-3_170_r145221d9t_test_whatsapp_q75,data/final_external_pool/final_test_degraded/ai_sb_stable-diffusion-1-3_170_r145221d9t_test_whatsapp_q75.jpg,AI,0.617676
ai_sb_stable-diffusion-1-3_170_r145221d9t_test_resize_q80,data/final_external_pool/final_test_degraded/ai_sb_stable-diffusion-1-3_170_r145221d9t_test_resize_q80.jpg,AI,0.427979
ai_sb_stable-diffusion-1-3_170_r145221d9t_test_double_jpeg,data/final_external_pool/final_test_degraded/ai_sb_stable-diffusion-1-3_170_r145221d9t_test_double_jpeg.jpg,AI,0.252686
ai_sb_glide_094_r0372042dt_test_whatsapp_q75,data/final_external_pool/final_test_degraded/ai_sb_glide_094_r0372042dt_test_whatsapp_q75.jpg,AI,0.999512
ai_sb_glide_094_r0372042dt_test_resize_q80,data/final_external_pool/final_test_degraded/ai_sb_glide_094_r0372042dt_test_resize_q80.jpg,AI,0.999512
ai_sb_glide_094_r0372042dt_test_double_jpeg,data/final_external_pool/final_test_degraded/ai_sb_glide_094_r0372042dt_test_double_jpeg.jpg,AI,0.999512
real_raise_218_r1be2a3d5t_test_whatsapp_q75,data/final_external_pool/final_test_degraded/real_raise_218_r1be2a3d5t_test_whatsapp_q75.jpg,Real,0.960938
real_raise_218_r1be2a3d5t_test_resize_q80,data/final_external_pool/final_test_degraded/real_raise_218_r1be2a3d5t_test_resize_q80.jpg,Real,0.892578
real_raise_218_r1be2a3d5t_test_double_jpeg,data/final_external_pool/final_test_degraded/real_raise_218_r1be2a3d5t_test_double_jpeg.jpg,Real,0.855469
real_raise_supp_034_r1267fa5bt_test_whatsapp_q75,data/final_external_pool/final_test_degraded/real_raise_supp_034_r1267fa5bt_test_whatsapp_q75.jpg,Real,0.401123
real_raise_supp_034_r1267fa5bt_test_resize_q80,data/final_external_pool/final_test_degraded/real_raise_supp_034_r1267fa5bt_test_resize_q80.jpg,Real,0.343262
real_raise_supp_034_r1267fa5bt_test_double_jpeg,data/final_external_pool/final_test_degraded/real_raise_supp_034_r1267fa5bt_test_double_jpeg.jpg,Real,0.479004
real_raise_120_r0f98115dt_test_whatsapp_q75,data/final_external_pool/final_test_degraded/real_raise_120_r0f98115dt_test_whatsapp_q75.jpg,Real,0.085083
real_raise_120_r0f98115dt_test_resize_q80,data/final_external_pool/final_test_degraded/real_raise_120_r0f98115dt_test_resize_q80.jpg,Real,0.081360
real_raise_120_r0f98115dt_test_double_jpeg,data/final_external_pool/final_test_degraded/real_raise_120_r0f98115dt_test_double_jpeg.jpg,Real,0.055298
real_raise_173_r1645a09ct_test_whatsapp_q75,data/final_external_pool/final_test_degraded/real_raise_173_r1645a09ct_test_whatsapp_q75.jpg,Real,0.007290
real_raise_173_r1645a09ct_test_resize_q80,data/final_external_pool/final_test_degraded/real_raise_173_r1645a09ct_test_resize_q80.jpg,Real,0.006905
real_raise_173_r1645a09ct_test_double_jpeg,data/final_external_pool/final_test_degraded/real_raise_173_r1645a09ct_test_double_jpeg.jpg,Real,0.008186
real_raise_002_r005f3e70t_test_whatsapp_q75,data/final_external_pool/final_test_degraded/real_raise_002_r005f3e70t_test_whatsapp_q75.jpg,Real,0.100159
real_raise_002_r005f3e70t_test_resize_q80,data/final_external_pool/final_test_degraded/real_raise_002_r005f3e70t_test_resize_q80.jpg,Real,0.074768
real_raise_002_r005f3e70t_test_double_jpeg,data/final_external_pool/final_test_degraded/real_raise_002_r005f3e70t_test_double_jpeg.jpg,Real,0.055420
real_raise_221_r1c23e440t_test_whatsapp_q75,data/final_external_pool/final_test_degraded/real_raise_221_r1c23e440t_test_whatsapp_q75.jpg,Real,0.112183
real_raise_221_r1c23e440t_test_resize_q80,data/final_external_pool/final_test_degraded/real_raise_221_r1c23e440t_test_resize_q80.jpg,Real,0.253906
real_raise_221_r1c23e440t_test_double_jpeg,data/final_external_pool/final_test_degraded/real_raise_221_r1c23e440t_test_double_jpeg.jpg,Real,0.141602
real_raise_167_r15919202t_test_whatsapp_q75,data/final_external_pool/final_test_degraded/real_raise_167_r15919202t_test_whatsapp_q75.jpg,Real,0.008514
real_raise_167_r15919202t_test_resize_q80,data/final_external_pool/final_test_degraded/real_raise_167_r15919202t_test_resize_q80.jpg,Real,0.009560
real_raise_167_r15919202t_test_double_jpeg,data/final_external_pool/final_test_degraded/real_raise_167_r15919202t_test_double_jpeg.jpg,Real,0.008514
real_raise_111_r0eb8dfb5t_test_whatsapp_q75,data/final_external_pool/final_test_degraded/real_raise_111_r0eb8dfb5t_test_whatsapp_q75.jpg,Real,0.040161
real_raise_111_r0eb8dfb5t_test_resize_q80,data/final_external_pool/final_test_degraded/real_raise_111_r0eb8dfb5t_test_resize_q80.jpg,Real,0.055725
real_raise_111_r0eb8dfb5t_test_double_jpeg,data/final_external_pool/final_test_degraded/real_raise_111_r0eb8dfb5t_test_double_jpeg.jpg,Real,0.032349
real_raise_028_r03aa5df1t_test_whatsapp_q75,data/final_external_pool/final_test_degraded/real_raise_028_r03aa5df1t_test_whatsapp_q75.jpg,Real,0.018539
real_raise_028_r03aa5df1t_test_resize_q80,data/final_external_pool/final_test_degraded/real_raise_028_r03aa5df1t_test_resize_q80.jpg,Real,0.017105
real_raise_028_r03aa5df1t_test_double_jpeg,data/final_external_pool/final_test_degraded/real_raise_028_r03aa5df1t_test_double_jpeg.jpg,Real,0.031982
ai_sb_stable-diffusion-2_214_r0372042dt_test_whatsapp_q75,data/final_external_pool/final_test_degraded/ai_sb_stable-diffusion-2_214_r0372042dt_test_whatsapp_q75.jpg,AI,0.999512
ai_sb_stable-diffusion-2_214_r0372042dt_test_resize_q80,data/final_external_pool/final_test_degraded/ai_sb_stable-diffusion-2_214_r0372042dt_test_resize_q80.jpg,AI,0.999512
ai_sb_stable-diffusion-2_214_r0372042dt_test_double_jpeg,data/final_external_pool/final_test_degraded/ai_sb_stable-diffusion-2_214_r0372042dt_test_double_jpeg.jpg,AI,0.999512
real_raise_supp_060_r1f06581bt_test_whatsapp_q75,data/final_external_pool/final_test_degraded/real_raise_supp_060_r1f06581bt_test_whatsapp_q75.jpg,Real,0.460938
real_raise_supp_060_r1f06581bt_test_resize_q80,data/final_external_pool/final_test_degraded/real_raise_supp_060_r1f06581bt_test_resize_q80.jpg,Real,0.310791
real_raise_supp_060_r1f06581bt_test_double_jpeg,data/final_external_pool/final_test_degraded/real_raise_supp_060_r1f06581bt_test_double_jpeg.jpg,Real,0.222168
real_raise_030_r03f70ccdt_test_whatsapp_q75,data/final_external_pool/final_test_degraded/real_raise_030_r03f70ccdt_test_whatsapp_q75.jpg,Real,0.082092
real_raise_030_r03f70ccdt_test_resize_q80,data/final_external_pool/final_test_degraded/real_raise_030_r03f70ccdt_test_resize_q80.jpg,Real,0.139282
real_raise_030_r03f70ccdt_test_double_jpeg,data/final_external_pool/final_test_degraded/real_raise_030_r03f70ccdt_test_double_jpeg.jpg,Real,0.048492
ai_sb_stable-diffusion-1-3_162_r0b7b1156t_test_whatsapp_q75,data/final_external_pool/final_test_degraded/ai_sb_stable-diffusion-1-3_162_r0b7b1156t_test_whatsapp_q75.jpg,AI,0.999512
ai_sb_stable-diffusion-1-3_162_r0b7b1156t_test_resize_q80,data/final_external_pool/final_test_degraded/ai_sb_stable-diffusion-1-3_162_r0b7b1156t_test_resize_q80.jpg,AI,0.999512
ai_sb_stable-diffusion-1-3_162_r0b7b1156t_test_double_jpeg,data/final_external_pool/final_test_degraded/ai_sb_stable-diffusion-1-3_162_r0b7b1156t_test_double_jpeg.jpg,AI,0.999512
real_raise_171_r1618da9dt_test_whatsapp_q75,data/final_external_pool/final_test_degraded/real_raise_171_r1618da9dt_test_whatsapp_q75.jpg,Real,0.001289
real_raise_171_r1618da9dt_test_resize_q80,data/final_external_pool/final_test_degraded/real_raise_171_r1618da9dt_test_resize_q80.jpg,Real,0.001367
real_raise_171_r1618da9dt_test_double_jpeg,data/final_external_pool/final_test_degraded/real_raise_171_r1618da9dt_test_double_jpeg.jpg,Real,0.001211
real_raise_238_r1de76a54t_test_whatsapp_q75,data/final_external_pool/final_test_degraded/real_raise_238_r1de76a54t_test_whatsapp_q75.jpg,Real,0.045685
real_raise_238_r1de76a54t_test_resize_q80,data/final_external_pool/final_test_degraded/real_raise_238_r1de76a54t_test_resize_q80.jpg,Real,0.117798
real_raise_238_r1de76a54t_test_double_jpeg,data/final_external_pool/final_test_degraded/real_raise_238_r1de76a54t_test_double_jpeg.jpg,Real,0.033142
real_raise_197_r19b49f2ct_test_whatsapp_q75,data/final_external_pool/final_test_degraded/real_raise_197_r19b49f2ct_test_whatsapp_q75.jpg,Real,0.084473
real_raise_197_r19b49f2ct_test_resize_q80,data/final_external_pool/final_test_degraded/real_raise_197_r19b49f2ct_test_resize_q80.jpg,Real,0.131226
real_raise_197_r19b49f2ct_test_double_jpeg,data/final_external_pool/final_test_degraded/real_raise_197_r19b49f2ct_test_double_jpeg.jpg,Real,0.064514
real_raise_078_r09d7cd4et_test_whatsapp_q75,data/final_external_pool/final_test_degraded/real_raise_078_r09d7cd4et_test_whatsapp_q75.jpg,Real,0.823242
real_raise_078_r09d7cd4et_test_resize_q80,data/final_external_pool/final_test_degraded/real_raise_078_r09d7cd4et_test_resize_q80.jpg,Real,0.855469
real_raise_078_r09d7cd4et_test_double_jpeg,data/final_external_pool/final_test_degraded/real_raise_078_r09d7cd4et_test_double_jpeg.jpg,Real,0.926270
real_raise_085_r0aaa70c3t_test_whatsapp_q75,data/final_external_pool/final_test_degraded/real_raise_085_r0aaa70c3t_test_whatsapp_q75.jpg,Real,0.912109
real_raise_085_r0aaa70c3t_test_resize_q80,data/final_external_pool/final_test_degraded/real_raise_085_r0aaa70c3t_test_resize_q80.jpg,Real,0.909668
real_raise_085_r0aaa70c3t_test_double_jpeg,data/final_external_pool/final_test_degraded/real_raise_085_r0aaa70c3t_test_double_jpeg.jpg,Real,0.862793
real_raise_216_r1bc3dd23t_test_whatsapp_q75,data/final_external_pool/final_test_degraded/real_raise_216_r1bc3dd23t_test_whatsapp_q75.jpg,Real,0.001028
real_raise_216_r1bc3dd23t_test_resize_q80,data/final_external_pool/final_test_degraded/real_raise_216_r1bc3dd23t_test_resize_q80.jpg,Real,0.000974
real_raise_216_r1bc3dd23t_test_double_jpeg,data/final_external_pool/final_test_degraded/real_raise_216_r1bc3dd23t_test_double_jpeg.jpg,Real,0.000947
ai_sb_firefly_081_r159d3942t_test_whatsapp_q75,data/final_external_pool/final_test_degraded/ai_sb_firefly_081_r159d3942t_test_whatsapp_q75.jpg,AI,0.015602
ai_sb_firefly_081_r159d3942t_test_resize_q80,data/final_external_pool/final_test_degraded/ai_sb_firefly_081_r159d3942t_test_resize_q80.jpg,AI,0.030106
ai_sb_firefly_081_r159d3942t_test_double_jpeg,data/final_external_pool/final_test_degraded/ai_sb_firefly_081_r159d3942t_test_double_jpeg.jpg,AI,0.009636
real_raise_196_r1986e42bt_test_whatsapp_q75,data/final_external_pool/final_test_degraded/real_raise_196_r1986e42bt_test_whatsapp_q75.jpg,Real,0.050598
real_raise_196_r1986e42bt_test_resize_q80,data/final_external_pool/final_test_degraded/real_raise_196_r1986e42bt_test_resize_q80.jpg,Real,0.041229
real_raise_196_r1986e42bt_test_double_jpeg,data/final_external_pool/final_test_degraded/real_raise_196_r1986e42bt_test_double_jpeg.jpg,Real,0.015602
real_raise_126_r102b4aa4t_test_whatsapp_q75,data/final_external_pool/final_test_degraded/real_raise_126_r102b4aa4t_test_whatsapp_q75.jpg,Real,0.003099
real_raise_126_r102b4aa4t_test_resize_q80,data/final_external_pool/final_test_degraded/real_raise_126_r102b4aa4t_test_resize_q80.jpg,Real,0.002714
real_raise_126_r102b4aa4t_test_double_jpeg,data/final_external_pool/final_test_degraded/real_raise_126_r102b4aa4t_test_double_jpeg.jpg,Real,0.002398
ai_sb_stable-diffusion-1-4_203_r17fe8532t_test_whatsapp_q75,data/final_external_pool/final_test_degraded/ai_sb_stable-diffusion-1-4_203_r17fe8532t_test_whatsapp_q75.jpg,AI,0.999512
ai_sb_stable-diffusion-1-4_203_r17fe8532t_test_resize_q80,data/final_external_pool/final_test_degraded/ai_sb_stable-diffusion-1-4_203_r17fe8532t_test_resize_q80.jpg,AI,1.000000
ai_sb_stable-diffusion-1-4_203_r17fe8532t_test_double_jpeg,data/final_external_pool/final_test_degraded/ai_sb_stable-diffusion-1-4_203_r17fe8532t_test_double_jpeg.jpg,AI,1.000000
real_raise_117_r0f4ece9bt_test_whatsapp_q75,data/final_external_pool/final_test_degraded/real_raise_117_r0f4ece9bt_test_whatsapp_q75.jpg,Real,0.184082
real_raise_117_r0f4ece9bt_test_resize_q80,data/final_external_pool/final_test_degraded/real_raise_117_r0f4ece9bt_test_resize_q80.jpg,Real,0.144897
real_raise_117_r0f4ece9bt_test_double_jpeg,data/final_external_pool/final_test_degraded/real_raise_117_r0f4ece9bt_test_double_jpeg.jpg,Real,0.099670
ai_sb_stable-diffusion-2_236_r1ad2de34t_test_whatsapp_q75,data/final_external_pool/final_test_degraded/ai_sb_stable-diffusion-2_236_r1ad2de34t_test_whatsapp_q75.jpg,AI,0.995117
ai_sb_stable-diffusion-2_236_r1ad2de34t_test_resize_q80,data/final_external_pool/final_test_degraded/ai_sb_stable-diffusion-2_236_r1ad2de34t_test_resize_q80.jpg,AI,0.995117
ai_sb_stable-diffusion-2_236_r1ad2de34t_test_double_jpeg,data/final_external_pool/final_test_degraded/ai_sb_stable-diffusion-2_236_r1ad2de34t_test_double_jpeg.jpg,AI,0.995605
ai_sb_stable-diffusion-1-3_153_r026b5360t_test_whatsapp_q75,data/final_external_pool/final_test_degraded/ai_sb_stable-diffusion-1-3_153_r026b5360t_test_whatsapp_q75.jpg,AI,0.999512
ai_sb_stable-diffusion-1-3_153_r026b5360t_test_resize_q80,data/final_external_pool/final_test_degraded/ai_sb_stable-diffusion-1-3_153_r026b5360t_test_resize_q80.jpg,AI,0.999512
ai_sb_stable-diffusion-1-3_153_r026b5360t_test_double_jpeg,data/final_external_pool/final_test_degraded/ai_sb_stable-diffusion-1-3_153_r026b5360t_test_double_jpeg.jpg,AI,0.999512
ai_sb_midjourney-v5_142_r169c7350t_test_whatsapp_q75,data/final_external_pool/final_test_degraded/ai_sb_midjourney-v5_142_r169c7350t_test_whatsapp_q75.jpg,AI,0.965820
ai_sb_midjourney-v5_142_r169c7350t_test_resize_q80,data/final_external_pool/final_test_degraded/ai_sb_midjourney-v5_142_r169c7350t_test_resize_q80.jpg,AI,0.976074
ai_sb_midjourney-v5_142_r169c7350t_test_double_jpeg,data/final_external_pool/final_test_degraded/ai_sb_midjourney-v5_142_r169c7350t_test_double_jpeg.jpg,AI,0.957031
ai_sb_dalle3_057_r1bdb6385t_test_whatsapp_q75,data/final_external_pool/final_test_degraded/ai_sb_dalle3_057_r1bdb6385t_test_whatsapp_q75.jpg,AI,0.999512
ai_sb_dalle3_057_r1bdb6385t_test_resize_q80,data/final_external_pool/final_test_degraded/ai_sb_dalle3_057_r1bdb6385t_test_resize_q80.jpg,AI,0.999512
ai_sb_dalle3_057_r1bdb6385t_test_double_jpeg,data/final_external_pool/final_test_degraded/ai_sb_dalle3_057_r1bdb6385t_test_double_jpeg.jpg,AI,0.999512
real_raise_233_r1d679eaet_test_whatsapp_q75,data/final_external_pool/final_test_degraded/real_raise_233_r1d679eaet_test_whatsapp_q75.jpg,Real,0.002684
real_raise_233_r1d679eaet_test_resize_q80,data/final_external_pool/final_test_degraded/real_raise_233_r1d679eaet_test_resize_q80.jpg,Real,0.002693
real_raise_233_r1d679eaet_test_double_jpeg,data/final_external_pool/final_test_degraded/real_raise_233_r1d679eaet_test_double_jpeg.jpg,Real,0.003944
real_raise_249_r1f3e6681t_test_whatsapp_q75,data/final_external_pool/final_test_degraded/real_raise_249_r1f3e6681t_test_whatsapp_q75.jpg,Real,0.011032
real_raise_249_r1f3e6681t_test_resize_q80,data/final_external_pool/final_test_degraded/real_raise_249_r1f3e6681t_test_resize_q80.jpg,Real,0.010132
real_raise_249_r1f3e6681t_test_double_jpeg,data/final_external_pool/final_test_degraded/real_raise_249_r1f3e6681t_test_double_jpeg.jpg,Real,0.013588
ai_sb_stable-diffusion-2_240_r1e9082f9t_test_whatsapp_q75,data/final_external_pool/final_test_degraded/ai_sb_stable-diffusion-2_240_r1e9082f9t_test_whatsapp_q75.jpg,AI,0.936035
ai_sb_stable-diffusion-2_240_r1e9082f9t_test_resize_q80,data/final_external_pool/final_test_degraded/ai_sb_stable-diffusion-2_240_r1e9082f9t_test_resize_q80.jpg,AI,0.961426
ai_sb_stable-diffusion-2_240_r1e9082f9t_test_double_jpeg,data/final_external_pool/final_test_degraded/ai_sb_stable-diffusion-2_240_r1e9082f9t_test_double_jpeg.jpg,AI,0.871582
real_raise_181_r17754c77t_test_whatsapp_q75,data/final_external_pool/final_test_degraded/real_raise_181_r17754c77t_test_whatsapp_q75.jpg,Real,0.689453
real_raise_181_r17754c77t_test_resize_q80,data/final_external_pool/final_test_degraded/real_raise_181_r17754c77t_test_resize_q80.jpg,Real,0.413574
real_raise_181_r17754c77t_test_double_jpeg,data/final_external_pool/final_test_degraded/real_raise_181_r17754c77t_test_double_jpeg.jpg,Real,0.391846
real_raise_supp_019_r098cf7aet_test_whatsapp_q75,data/final_external_pool/final_test_degraded/real_raise_supp_019_r098cf7aet_test_whatsapp_q75.jpg,Real,0.002705
real_raise_supp_019_r098cf7aet_test_resize_q80,data/final_external_pool/final_test_degraded/real_raise_supp_019_r098cf7aet_test_resize_q80.jpg,Real,0.003111
real_raise_supp_019_r098cf7aet_test_double_jpeg,data/final_external_pool/final_test_degraded/real_raise_supp_019_r098cf7aet_test_double_jpeg.jpg,Real,0.003223
real_raise_156_r140f3432t_test_whatsapp_q75,data/final_external_pool/final_test_degraded/real_raise_156_r140f3432t_test_whatsapp_q75.jpg,Real,0.004925
real_raise_156_r140f3432t_test_resize_q80,data/final_external_pool/final_test_degraded/real_raise_156_r140f3432t_test_resize_q80.jpg,Real,0.004848
real_raise_156_r140f3432t_test_double_jpeg,data/final_external_pool/final_test_degraded/real_raise_156_r140f3432t_test_double_jpeg.jpg,Real,0.003298
ai_sb_dalle3_051_r159d3942t_test_whatsapp_q75,data/final_external_pool/final_test_degraded/ai_sb_dalle3_051_r159d3942t_test_whatsapp_q75.jpg,AI,0.999512
ai_sb_dalle3_051_r159d3942t_test_resize_q80,data/final_external_pool/final_test_degraded/ai_sb_dalle3_051_r159d3942t_test_resize_q80.jpg,AI,0.999512
ai_sb_dalle3_051_r159d3942t_test_double_jpeg,data/final_external_pool/final_test_degraded/ai_sb_dalle3_051_r159d3942t_test_double_jpeg.jpg,AI,0.999512
real_raise_159_r145215fft_test_whatsapp_q75,data/final_external_pool/final_test_degraded/real_raise_159_r145215fft_test_whatsapp_q75.jpg,Real,0.979492
real_raise_159_r145215fft_test_resize_q80,data/final_external_pool/final_test_degraded/real_raise_159_r145215fft_test_resize_q80.jpg,Real,0.985352
real_raise_159_r145215fft_test_double_jpeg,data/final_external_pool/final_test_degraded/real_raise_159_r145215fft_test_double_jpeg.jpg,Real,0.976562
ai_sb_dalle2_002_r0150031ft_test_whatsapp_q75,data/final_external_pool/final_test_degraded/ai_sb_dalle2_002_r0150031ft_test_whatsapp_q75.jpg,AI,0.352295
ai_sb_dalle2_002_r0150031ft_test_resize_q80,data/final_external_pool/final_test_degraded/ai_sb_dalle2_002_r0150031ft_test_resize_q80.jpg,AI,0.421631
ai_sb_dalle2_002_r0150031ft_test_double_jpeg,data/final_external_pool/final_test_degraded/ai_sb_dalle2_002_r0150031ft_test_double_jpeg.jpg,AI,0.284180
real_raise_038_r04cfa379t_test_whatsapp_q75,data/final_external_pool/final_test_degraded/real_raise_038_r04cfa379t_test_whatsapp_q75.jpg,Real,0.905273
real_raise_038_r04cfa379t_test_resize_q80,data/final_external_pool/final_test_degraded/real_raise_038_r04cfa379t_test_resize_q80.jpg,Real,0.928711
real_raise_038_r04cfa379t_test_double_jpeg,data/final_external_pool/final_test_degraded/real_raise_038_r04cfa379t_test_double_jpeg.jpg,Real,0.774902
ai_sb_stable-diffusion-1-3_157_r06743f8ft_test_whatsapp_q75,data/final_external_pool/final_test_degraded/ai_sb_stable-diffusion-1-3_157_r06743f8ft_test_whatsapp_q75.jpg,AI,0.991699
ai_sb_stable-diffusion-1-3_157_r06743f8ft_test_resize_q80,data/final_external_pool/final_test_degraded/ai_sb_stable-diffusion-1-3_157_r06743f8ft_test_resize_q80.jpg,AI,0.986328
ai_sb_stable-diffusion-1-3_157_r06743f8ft_test_double_jpeg,data/final_external_pool/final_test_degraded/ai_sb_stable-diffusion-1-3_157_r06743f8ft_test_double_jpeg.jpg,AI,0.975098
ai_sb_supp_glide_010_r001d260dt_test_whatsapp_q75,data/final_external_pool/final_test_degraded/ai_sb_supp_glide_010_r001d260dt_test_whatsapp_q75.jpg,AI,0.999512
ai_sb_supp_glide_010_r001d260dt_test_resize_q80,data/final_external_pool/final_test_degraded/ai_sb_supp_glide_010_r001d260dt_test_resize_q80.jpg,AI,0.999512
ai_sb_supp_glide_010_r001d260dt_test_double_jpeg,data/final_external_pool/final_test_degraded/ai_sb_supp_glide_010_r001d260dt_test_double_jpeg.jpg,AI,0.999512
ai_sb_midjourney-v5_127_r06743f8ft_test_whatsapp_q75,data/final_external_pool/final_test_degraded/ai_sb_midjourney-v5_127_r06743f8ft_test_whatsapp_q75.jpg,AI,0.998535
ai_sb_midjourney-v5_127_r06743f8ft_test_resize_q80,data/final_external_pool/final_test_degraded/ai_sb_midjourney-v5_127_r06743f8ft_test_resize_q80.jpg,AI,0.998535
ai_sb_midjourney-v5_127_r06743f8ft_test_double_jpeg,data/final_external_pool/final_test_degraded/ai_sb_midjourney-v5_127_r06743f8ft_test_double_jpeg.jpg,AI,0.998047
ai_sb_dalle2_021_r159d3942t_test_whatsapp_q75,data/final_external_pool/final_test_degraded/ai_sb_dalle2_021_r159d3942t_test_whatsapp_q75.jpg,AI,0.996582
ai_sb_dalle2_021_r159d3942t_test_resize_q80,data/final_external_pool/final_test_degraded/ai_sb_dalle2_021_r159d3942t_test_resize_q80.jpg,AI,0.998047
ai_sb_dalle2_021_r159d3942t_test_double_jpeg,data/final_external_pool/final_test_degraded/ai_sb_dalle2_021_r159d3942t_test_double_jpeg.jpg,AI,0.998047
real_raise_229_r1ceba29dt_test_whatsapp_q75,data/final_external_pool/final_test_degraded/real_raise_229_r1ceba29dt_test_whatsapp_q75.jpg,Real,0.012772
real_raise_229_r1ceba29dt_test_resize_q80,data/final_external_pool/final_test_degraded/real_raise_229_r1ceba29dt_test_resize_q80.jpg,Real,0.007935
real_raise_229_r1ceba29dt_test_double_jpeg,data/final_external_pool/final_test_degraded/real_raise_229_r1ceba29dt_test_double_jpeg.jpg,Real,0.009521
ai_sb_glide_095_r045be2act_test_whatsapp_q75,data/final_external_pool/final_test_degraded/ai_sb_glide_095_r045be2act_test_whatsapp_q75.jpg,AI,0.150024
ai_sb_glide_095_r045be2act_test_resize_q80,data/final_external_pool/final_test_degraded/ai_sb_glide_095_r045be2act_test_resize_q80.jpg,AI,0.060516
ai_sb_glide_095_r045be2act_test_double_jpeg,data/final_external_pool/final_test_degraded/ai_sb_glide_095_r045be2act_test_double_jpeg.jpg,AI,0.160156
ai_sb_stable-diffusion-1-3_169_r138ad247t_test_whatsapp_q75,data/final_external_pool/final_test_degraded/ai_sb_stable-diffusion-1-3_169_r138ad247t_test_whatsapp_q75.jpg,AI,0.858398
ai_sb_stable-diffusion-1-3_169_r138ad247t_test_resize_q80,data/final_external_pool/final_test_degraded/ai_sb_stable-diffusion-1-3_169_r138ad247t_test_resize_q80.jpg,AI,0.741699
ai_sb_stable-diffusion-1-3_169_r138ad247t_test_double_jpeg,data/final_external_pool/final_test_degraded/ai_sb_stable-diffusion-1-3_169_r138ad247t_test_double_jpeg.jpg,AI,0.539062
real_raise_093_r0b841e5at_test_whatsapp_q75,data/final_external_pool/final_test_degraded/real_raise_093_r0b841e5at_test_whatsapp_q75.jpg,Real,0.906250
real_raise_093_r0b841e5at_test_resize_q80,data/final_external_pool/final_test_degraded/real_raise_093_r0b841e5at_test_resize_q80.jpg,Real,0.931152
real_raise_093_r0b841e5at_test_double_jpeg,data/final_external_pool/final_test_degraded/real_raise_093_r0b841e5at_test_double_jpeg.jpg,Real,0.916504
ai_sb_stable-diffusion-2_216_r056f233bt_test_whatsapp_q75,data/final_external_pool/final_test_degraded/ai_sb_stable-diffusion-2_216_r056f233bt_test_whatsapp_q75.jpg,AI,0.997070
ai_sb_stable-diffusion-2_216_r056f233bt_test_resize_q80,data/final_external_pool/final_test_degraded/ai_sb_stable-diffusion-2_216_r056f233bt_test_resize_q80.jpg,AI,0.998535
ai_sb_stable-diffusion-2_216_r056f233bt_test_double_jpeg,data/final_external_pool/final_test_degraded/ai_sb_stable-diffusion-2_216_r056f233bt_test_double_jpeg.jpg,AI,0.996094
real_raise_119_r0f8e5907t_test_whatsapp_q75,data/final_external_pool/final_test_degraded/real_raise_119_r0f8e5907t_test_whatsapp_q75.jpg,Real,0.912109
real_raise_119_r0f8e5907t_test_resize_q80,data/final_external_pool/final_test_degraded/real_raise_119_r0f8e5907t_test_resize_q80.jpg,Real,0.932129
real_raise_119_r0f8e5907t_test_double_jpeg,data/final_external_pool/final_test_degraded/real_raise_119_r0f8e5907t_test_double_jpeg.jpg,Real,0.872559
ai_sb_dalle2_018_r1297fd0bt_test_whatsapp_q75,data/final_external_pool/final_test_degraded/ai_sb_dalle2_018_r1297fd0bt_test_whatsapp_q75.jpg,AI,0.120361
ai_sb_dalle2_018_r1297fd0bt_test_resize_q80,data/final_external_pool/final_test_degraded/ai_sb_dalle2_018_r1297fd0bt_test_resize_q80.jpg,AI,0.077209
ai_sb_dalle2_018_r1297fd0bt_test_double_jpeg,data/final_external_pool/final_test_degraded/ai_sb_dalle2_018_r1297fd0bt_test_double_jpeg.jpg,AI,0.054901
real_raise_096_r0bf7f938t_test_whatsapp_q75,data/final_external_pool/final_test_degraded/real_raise_096_r0bf7f938t_test_whatsapp_q75.jpg,Real,0.875977
real_raise_096_r0bf7f938t_test_resize_q80,data/final_external_pool/final_test_degraded/real_raise_096_r0bf7f938t_test_resize_q80.jpg,Real,0.848145
real_raise_096_r0bf7f938t_test_double_jpeg,data/final_external_pool/final_test_degraded/real_raise_096_r0bf7f938t_test_double_jpeg.jpg,Real,0.658203
ai_sb_supp_stable-diffusion-1-4_021_r00444b95t_test_whatsapp_q75,data/final_external_pool/final_test_degraded/ai_sb_supp_stable-diffusion-1-4_021_r00444b95t_test_whatsapp_q75.jpg,AI,0.478271
ai_sb_supp_stable-diffusion-1-4_021_r00444b95t_test_resize_q80,data/final_external_pool/final_test_degraded/ai_sb_supp_stable-diffusion-1-4_021_r00444b95t_test_resize_q80.jpg,AI,0.421631
ai_sb_supp_stable-diffusion-1-4_021_r00444b95t_test_double_jpeg,data/final_external_pool/final_test_degraded/ai_sb_supp_stable-diffusion-1-4_021_r00444b95t_test_double_jpeg.jpg,AI,0.148071
real_raise_213_r1b4e82c4t_test_whatsapp_q75,data/final_external_pool/final_test_degraded/real_raise_213_r1b4e82c4t_test_whatsapp_q75.jpg,Real,0.002068
real_raise_213_r1b4e82c4t_test_resize_q80,data/final_external_pool/final_test_degraded/real_raise_213_r1b4e82c4t_test_resize_q80.jpg,Real,0.002075
real_raise_213_r1b4e82c4t_test_double_jpeg,data/final_external_pool/final_test_degraded/real_raise_213_r1b4e82c4t_test_double_jpeg.jpg,Real,0.001642
ai_sb_stable-diffusion-1-4_196_r102b4aa4t_test_whatsapp_q75,data/final_external_pool/final_test_degraded/ai_sb_stable-diffusion-1-4_196_r102b4aa4t_test_whatsapp_q75.jpg,AI,0.996582
ai_sb_stable-diffusion-1-4_196_r102b4aa4t_test_resize_q80,data/final_external_pool/final_test_degraded/ai_sb_stable-diffusion-1-4_196_r102b4aa4t_test_resize_q80.jpg,AI,0.992676
ai_sb_stable-diffusion-1-4_196_r102b4aa4t_test_double_jpeg,data/final_external_pool/final_test_degraded/ai_sb_stable-diffusion-1-4_196_r102b4aa4t_test_double_jpeg.jpg,AI,0.990234
ai_sb_dalle2_026_r1ad2de34t_test_whatsapp_q75,data/final_external_pool/final_test_degraded/ai_sb_dalle2_026_r1ad2de34t_test_whatsapp_q75.jpg,AI,0.008545
ai_sb_dalle2_026_r1ad2de34t_test_resize_q80,data/final_external_pool/final_test_degraded/ai_sb_dalle2_026_r1ad2de34t_test_resize_q80.jpg,AI,0.005730
ai_sb_dalle2_026_r1ad2de34t_test_double_jpeg,data/final_external_pool/final_test_degraded/ai_sb_dalle2_026_r1ad2de34t_test_double_jpeg.jpg,AI,0.003651
real_raise_091_r0b61ed37t_test_whatsapp_q75,data/final_external_pool/final_test_degraded/real_raise_091_r0b61ed37t_test_whatsapp_q75.jpg,Real,0.992188
real_raise_091_r0b61ed37t_test_resize_q80,data/final_external_pool/final_test_degraded/real_raise_091_r0b61ed37t_test_resize_q80.jpg,Real,0.993164
real_raise_091_r0b61ed37t_test_double_jpeg,data/final_external_pool/final_test_degraded/real_raise_091_r0b61ed37t_test_double_jpeg.jpg,Real,0.993652
ai_sb_stable-diffusion-1-4_190_r09a60f63t_test_whatsapp_q75,data/final_external_pool/final_test_degraded/ai_sb_stable-diffusion-1-4_190_r09a60f63t_test_whatsapp_q75.jpg,AI,0.973633
ai_sb_stable-diffusion-1-4_190_r09a60f63t_test_resize_q80,data/final_external_pool/final_test_degraded/ai_sb_stable-diffusion-1-4_190_r09a60f63t_test_resize_q80.jpg,AI,0.900391
ai_sb_stable-diffusion-1-4_190_r09a60f63t_test_double_jpeg,data/final_external_pool/final_test_degraded/ai_sb_stable-diffusion-1-4_190_r09a60f63t_test_double_jpeg.jpg,AI,0.864258
ai_sb_firefly_067_r06743f8ft_test_whatsapp_q75,data/final_external_pool/final_test_degraded/ai_sb_firefly_067_r06743f8ft_test_whatsapp_q75.jpg,AI,0.922852
ai_sb_firefly_067_r06743f8ft_test_resize_q80,data/final_external_pool/final_test_degraded/ai_sb_firefly_067_r06743f8ft_test_resize_q80.jpg,AI,0.910156
ai_sb_firefly_067_r06743f8ft_test_double_jpeg,data/final_external_pool/final_test_degraded/ai_sb_firefly_067_r06743f8ft_test_double_jpeg.jpg,AI,0.919922
real_raise_069_r08b12799t_test_whatsapp_q75,data/final_external_pool/final_test_degraded/real_raise_069_r08b12799t_test_whatsapp_q75.jpg,Real,0.884277
real_raise_069_r08b12799t_test_resize_q80,data/final_external_pool/final_test_degraded/real_raise_069_r08b12799t_test_resize_q80.jpg,Real,0.882812
real_raise_069_r08b12799t_test_double_jpeg,data/final_external_pool/final_test_degraded/real_raise_069_r08b12799t_test_double_jpeg.jpg,Real,0.866699
ai_sb_midjourney-v5_149_r1d9a31fct_test_whatsapp_q75,data/final_external_pool/final_test_degraded/ai_sb_midjourney-v5_149_r1d9a31fct_test_whatsapp_q75.jpg,AI,0.993652
ai_sb_midjourney-v5_149_r1d9a31fct_test_resize_q80,data/final_external_pool/final_test_degraded/ai_sb_midjourney-v5_149_r1d9a31fct_test_resize_q80.jpg,AI,0.993652
ai_sb_midjourney-v5_149_r1d9a31fct_test_double_jpeg,data/final_external_pool/final_test_degraded/ai_sb_midjourney-v5_149_r1d9a31fct_test_double_jpeg.jpg,AI,0.992676
ai_sb_glide_102_r0b7b1156t_test_whatsapp_q75,data/final_external_pool/final_test_degraded/ai_sb_glide_102_r0b7b1156t_test_whatsapp_q75.jpg,AI,0.994141
ai_sb_glide_102_r0b7b1156t_test_resize_q80,data/final_external_pool/final_test_degraded/ai_sb_glide_102_r0b7b1156t_test_resize_q80.jpg,AI,0.989746
ai_sb_glide_102_r0b7b1156t_test_double_jpeg,data/final_external_pool/final_test_degraded/ai_sb_glide_102_r0b7b1156t_test_double_jpeg.jpg,AI,0.976074
ai_sb_glide_108_r1297fd0bt_test_whatsapp_q75,data/final_external_pool/final_test_degraded/ai_sb_glide_108_r1297fd0bt_test_whatsapp_q75.jpg,AI,0.260742
ai_sb_glide_108_r1297fd0bt_test_resize_q80,data/final_external_pool/final_test_degraded/ai_sb_glide_108_r1297fd0bt_test_resize_q80.jpg,AI,0.141235
ai_sb_glide_108_r1297fd0bt_test_double_jpeg,data/final_external_pool/final_test_degraded/ai_sb_glide_108_r1297fd0bt_test_double_jpeg.jpg,AI,0.112000
ai_sb_stable-diffusion-2_233_r17fe8532t_test_whatsapp_q75,data/final_external_pool/final_test_degraded/ai_sb_stable-diffusion-2_233_r17fe8532t_test_whatsapp_q75.jpg,AI,0.999512
ai_sb_stable-diffusion-2_233_r17fe8532t_test_resize_q80,data/final_external_pool/final_test_degraded/ai_sb_stable-diffusion-2_233_r17fe8532t_test_resize_q80.jpg,AI,0.999512
ai_sb_stable-diffusion-2_233_r17fe8532t_test_double_jpeg,data/final_external_pool/final_test_degraded/ai_sb_stable-diffusion-2_233_r17fe8532t_test_double_jpeg.jpg,AI,0.999512
ai_sb_stable-diffusion-2_224_r0e7b407bt_test_whatsapp_q75,data/final_external_pool/final_test_degraded/ai_sb_stable-diffusion-2_224_r0e7b407bt_test_whatsapp_q75.jpg,AI,0.473389
ai_sb_stable-diffusion-2_224_r0e7b407bt_test_resize_q80,data/final_external_pool/final_test_degraded/ai_sb_stable-diffusion-2_224_r0e7b407bt_test_resize_q80.jpg,AI,0.405029
ai_sb_stable-diffusion-2_224_r0e7b407bt_test_double_jpeg,data/final_external_pool/final_test_degraded/ai_sb_stable-diffusion-2_224_r0e7b407bt_test_double_jpeg.jpg,AI,0.646973
real_raise_supp_043_r16ea6386t_test_whatsapp_q75,data/final_external_pool/final_test_degraded/real_raise_supp_043_r16ea6386t_test_whatsapp_q75.jpg,Real,0.106323
real_raise_supp_043_r16ea6386t_test_resize_q80,data/final_external_pool/final_test_degraded/real_raise_supp_043_r16ea6386t_test_resize_q80.jpg,Real,0.105225
real_raise_supp_043_r16ea6386t_test_double_jpeg,data/final_external_pool/final_test_degraded/real_raise_supp_043_r16ea6386t_test_double_jpeg.jpg,Real,0.087891
real_raise_140_r125f6e84t_test_whatsapp_q75,data/final_external_pool/final_test_degraded/real_raise_140_r125f6e84t_test_whatsapp_q75.jpg,Real,0.002481
real_raise_140_r125f6e84t_test_resize_q80,data/final_external_pool/final_test_degraded/real_raise_140_r125f6e84t_test_resize_q80.jpg,Real,0.002115
real_raise_140_r125f6e84t_test_double_jpeg,data/final_external_pool/final_test_degraded/real_raise_140_r125f6e84t_test_double_jpeg.jpg,Real,0.001574
real_raise_137_r11c4de0et_test_whatsapp_q75,data/final_external_pool/final_test_degraded/real_raise_137_r11c4de0et_test_whatsapp_q75.jpg,Real,0.000915
real_raise_137_r11c4de0et_test_resize_q80,data/final_external_pool/final_test_degraded/real_raise_137_r11c4de0et_test_resize_q80.jpg,Real,0.000880
real_raise_137_r11c4de0et_test_double_jpeg,data/final_external_pool/final_test_degraded/real_raise_137_r11c4de0et_test_double_jpeg.jpg,Real,0.000699
ai_sb_firefly_083_r17fe8532t_test_whatsapp_q75,data/final_external_pool/final_test_degraded/ai_sb_firefly_083_r17fe8532t_test_whatsapp_q75.jpg,AI,0.999023
ai_sb_firefly_083_r17fe8532t_test_resize_q80,data/final_external_pool/final_test_degraded/ai_sb_firefly_083_r17fe8532t_test_resize_q80.jpg,AI,0.999023
ai_sb_firefly_083_r17fe8532t_test_double_jpeg,data/final_external_pool/final_test_degraded/ai_sb_firefly_083_r17fe8532t_test_double_jpeg.jpg,AI,0.998535
real_raise_supp_055_r1ca254b2t_test_whatsapp_q75,data/final_external_pool/final_test_degraded/real_raise_supp_055_r1ca254b2t_test_whatsapp_q75.jpg,Real,0.148926
real_raise_supp_055_r1ca254b2t_test_resize_q80,data/final_external_pool/final_test_degraded/real_raise_supp_055_r1ca254b2t_test_resize_q80.jpg,Real,0.218506
real_raise_supp_055_r1ca254b2t_test_double_jpeg,data/final_external_pool/final_test_degraded/real_raise_supp_055_r1ca254b2t_test_double_jpeg.jpg,Real,0.095032
ai_sb_midjourney-v5_123_r026b5360t_test_whatsapp_q75,data/final_external_pool/final_test_degraded/ai_sb_midjourney-v5_123_r026b5360t_test_whatsapp_q75.jpg,AI,0.999512
ai_sb_midjourney-v5_123_r026b5360t_test_resize_q80,data/final_external_pool/final_test_degraded/ai_sb_midjourney-v5_123_r026b5360t_test_resize_q80.jpg,AI,0.999512
ai_sb_midjourney-v5_123_r026b5360t_test_double_jpeg,data/final_external_pool/final_test_degraded/ai_sb_midjourney-v5_123_r026b5360t_test_double_jpeg.jpg,AI,0.999512
real_raise_125_r101d6690t_test_whatsapp_q75,data/final_external_pool/final_test_degraded/real_raise_125_r101d6690t_test_whatsapp_q75.jpg,Real,0.135376
real_raise_125_r101d6690t_test_resize_q80,data/final_external_pool/final_test_degraded/real_raise_125_r101d6690t_test_resize_q80.jpg,Real,0.159424
real_raise_125_r101d6690t_test_double_jpeg,data/final_external_pool/final_test_degraded/real_raise_125_r101d6690t_test_double_jpeg.jpg,Real,0.109924
ai_sb_stable-diffusion-1-4_210_r1e9082f9t_test_whatsapp_q75,data/final_external_pool/final_test_degraded/ai_sb_stable-diffusion-1-4_210_r1e9082f9t_test_whatsapp_q75.jpg,AI,0.996582
ai_sb_stable-diffusion-1-4_210_r1e9082f9t_test_resize_q80,data/final_external_pool/final_test_degraded/ai_sb_stable-diffusion-1-4_210_r1e9082f9t_test_resize_q80.jpg,AI,0.994141
ai_sb_stable-diffusion-1-4_210_r1e9082f9t_test_double_jpeg,data/final_external_pool/final_test_degraded/ai_sb_stable-diffusion-1-4_210_r1e9082f9t_test_double_jpeg.jpg,AI,0.985840
ai_sb_midjourney-v5_135_r0f5beb66t_test_whatsapp_q75,data/final_external_pool/final_test_degraded/ai_sb_midjourney-v5_135_r0f5beb66t_test_whatsapp_q75.jpg,AI,0.982422
ai_sb_midjourney-v5_135_r0f5beb66t_test_resize_q80,data/final_external_pool/final_test_degraded/ai_sb_midjourney-v5_135_r0f5beb66t_test_resize_q80.jpg,AI,0.979980
ai_sb_midjourney-v5_135_r0f5beb66t_test_double_jpeg,data/final_external_pool/final_test_degraded/ai_sb_midjourney-v5_135_r0f5beb66t_test_double_jpeg.jpg,AI,0.966797
real_raise_172_r163967d4t_test_whatsapp_q75,data/final_external_pool/final_test_degraded/real_raise_172_r163967d4t_test_whatsapp_q75.jpg,Real,0.001789
real_raise_172_r163967d4t_test_resize_q80,data/final_external_pool/final_test_degraded/real_raise_172_r163967d4t_test_resize_q80.jpg,Real,0.001912
real_raise_172_r163967d4t_test_double_jpeg,data/final_external_pool/final_test_degraded/real_raise_172_r163967d4t_test_double_jpeg.jpg,Real,0.001405
ai_sb_dalle2_030_r1e9082f9t_test_whatsapp_q75,data/final_external_pool/final_test_degraded/ai_sb_dalle2_030_r1e9082f9t_test_whatsapp_q75.jpg,AI,0.979492
ai_sb_dalle2_030_r1e9082f9t_test_resize_q80,data/final_external_pool/final_test_degraded/ai_sb_dalle2_030_r1e9082f9t_test_resize_q80.jpg,AI,0.974121
ai_sb_dalle2_030_r1e9082f9t_test_double_jpeg,data/final_external_pool/final_test_degraded/ai_sb_dalle2_030_r1e9082f9t_test_double_jpeg.jpg,AI,0.988281
real_raise_100_r0c9910e4t_test_whatsapp_q75,data/final_external_pool/final_test_degraded/real_raise_100_r0c9910e4t_test_whatsapp_q75.jpg,Real,0.803223
real_raise_100_r0c9910e4t_test_resize_q80,data/final_external_pool/final_test_degraded/real_raise_100_r0c9910e4t_test_resize_q80.jpg,Real,0.687500
real_raise_100_r0c9910e4t_test_double_jpeg,data/final_external_pool/final_test_degraded/real_raise_100_r0c9910e4t_test_double_jpeg.jpg,Real,0.668457
real_raise_162_r14c2d3fct_test_whatsapp_q75,data/final_external_pool/final_test_degraded/real_raise_162_r14c2d3fct_test_whatsapp_q75.jpg,Real,0.996094
real_raise_162_r14c2d3fct_test_resize_q80,data/final_external_pool/final_test_degraded/real_raise_162_r14c2d3fct_test_resize_q80.jpg,Real,0.995117
real_raise_162_r14c2d3fct_test_double_jpeg,data/final_external_pool/final_test_degraded/real_raise_162_r14c2d3fct_test_double_jpeg.jpg,Real,0.993164
ai_sb_dalle2_027_r1bdb6385t_test_whatsapp_q75,data/final_external_pool/final_test_degraded/ai_sb_dalle2_027_r1bdb6385t_test_whatsapp_q75.jpg,AI,0.991211
ai_sb_dalle2_027_r1bdb6385t_test_resize_q80,data/final_external_pool/final_test_degraded/ai_sb_dalle2_027_r1bdb6385t_test_resize_q80.jpg,AI,0.995117
ai_sb_dalle2_027_r1bdb6385t_test_double_jpeg,data/final_external_pool/final_test_degraded/ai_sb_dalle2_027_r1bdb6385t_test_double_jpeg.jpg,AI,0.994141
ai_sb_dalle3_052_r169c7350t_test_whatsapp_q75,data/final_external_pool/final_test_degraded/ai_sb_dalle3_052_r169c7350t_test_whatsapp_q75.jpg,AI,0.999512
ai_sb_dalle3_052_r169c7350t_test_resize_q80,data/final_external_pool/final_test_degraded/ai_sb_dalle3_052_r169c7350t_test_resize_q80.jpg,AI,0.999512
ai_sb_dalle3_052_r169c7350t_test_double_jpeg,data/final_external_pool/final_test_degraded/ai_sb_dalle3_052_r169c7350t_test_double_jpeg.jpg,AI,0.999512
ai_sb_glide_106_r102b4aa4t_test_whatsapp_q75,data/final_external_pool/final_test_degraded/ai_sb_glide_106_r102b4aa4t_test_whatsapp_q75.jpg,AI,0.808594
ai_sb_glide_106_r102b4aa4t_test_resize_q80,data/final_external_pool/final_test_degraded/ai_sb_glide_106_r102b4aa4t_test_resize_q80.jpg,AI,0.662109
ai_sb_glide_106_r102b4aa4t_test_double_jpeg,data/final_external_pool/final_test_degraded/ai_sb_glide_106_r102b4aa4t_test_double_jpeg.jpg,AI,0.851562
real_raise_054_r06cad2d6t_test_whatsapp_q75,data/final_external_pool/final_test_degraded/real_raise_054_r06cad2d6t_test_whatsapp_q75.jpg,Real,0.559570
real_raise_054_r06cad2d6t_test_resize_q80,data/final_external_pool/final_test_degraded/real_raise_054_r06cad2d6t_test_resize_q80.jpg,Real,0.390869
real_raise_054_r06cad2d6t_test_double_jpeg,data/final_external_pool/final_test_degraded/real_raise_054_r06cad2d6t_test_double_jpeg.jpg,Real,0.544922
ai_sb_dalle2_025_r1a2095b2t_test_whatsapp_q75,data/final_external_pool/final_test_degraded/ai_sb_dalle2_025_r1a2095b2t_test_whatsapp_q75.jpg,AI,0.998047
ai_sb_dalle2_025_r1a2095b2t_test_resize_q80,data/final_external_pool/final_test_degraded/ai_sb_dalle2_025_r1a2095b2t_test_resize_q80.jpg,AI,0.995605
ai_sb_dalle2_025_r1a2095b2t_test_double_jpeg,data/final_external_pool/final_test_degraded/ai_sb_dalle2_025_r1a2095b2t_test_double_jpeg.jpg,AI,0.993164
