index,filename,true_label,true_numeric,e6c_prob,e6c_pred,is_e6c_correct,e8_prob,e8_pred,is_e8_correct,transition,p_global,p_strongest_local,tl_prob,tr_prob,bl_prob,br_prob,width,height
1,WhatsApp Image 2026-09-17 at 3.38.18 PM (1).jpeg,REAL,0,0.536727,AI,False,0.659979,AI,False,UNCHANGED,0.07665,0.947574,0.725795,0.947574,0.471981,0.806591,648,1280
2,WhatsApp Image 2026-09-17 at 3.38.18 PM (2).jpeg,REAL,0,0.024847,REAL,True,0.39292,REAL,True,UNCHANGED,0.259775,0.628444,0.387019,0.534795,0.628444,0.031506,720,1280
3,WhatsApp Image 2026-09-17 at 3.38.18 PM.jpeg,REAL,0,5e-06,REAL,True,0.000826,REAL,True,UNCHANGED,0.000455,0.047043,0.000149,0.004832,2.7e-05,0.047043,582,776
4,WhatsApp Image 2026-09-17 at 3.38.19 PM (1).jpeg,REAL,0,0.046282,REAL,True,0.134326,REAL,True,UNCHANGED,0.018776,0.507659,0.50295,0.507659,0.172966,0.028802,960,1280
5,WhatsApp Image 2026-09-17 at 3.38.19 PM (2).jpeg,REAL,0,0.009469,REAL,True,0.028238,REAL,True,UNCHANGED,0.01807,0.2447,0.01683,0.004606,0.2447,0.018381,778,1038
6,WhatsApp Image 2026-09-17 at 3.38.19 PM.jpeg,REAL,0,0.000217,REAL,True,0.016986,REAL,True,UNCHANGED,0.019665,0.36098,0.000208,0.36098,0.00631,0.031616,384,780
7,WhatsApp Image 2026-09-17 at 3.38.21 PM (1).jpeg,REAL,0,0.005999,REAL,True,0.065187,REAL,True,UNCHANGED,0.462956,0.907427,0.032289,0.013189,0.066721,0.907427,960,1280
8,WhatsApp Image 2026-09-17 at 3.38.21 PM (2).jpeg,REAL,0,0.054177,REAL,True,0.289279,REAL,True,UNCHANGED,0.483783,0.809055,0.386593,0.809055,0.128225,0.171619,904,1280
9,WhatsApp Image 2026-09-17 at 3.38.21 PM.jpeg,REAL,0,0.005425,REAL,True,0.005125,REAL,True,UNCHANGED,0.000563,0.099589,0.027061,0.041538,0.000123,0.099589,960,1280
10,WhatsApp Image 2026-09-17 at 3.38.22 PM (1).jpeg,REAL,0,0.335403,REAL,True,0.520383,AI,False,REAL->AI,0.719324,0.937009,0.36956,0.937009,0.008738,0.23818,978,1280
11,WhatsApp Image 2026-09-17 at 3.38.22 PM (2).jpeg,REAL,0,0.00011,REAL,True,0.003626,REAL,True,UNCHANGED,0.000187,0.163282,0.028898,0.001071,0.004249,0.163282,960,1280
12,WhatsApp Image 2026-09-17 at 3.38.22 PM (3).jpeg,REAL,0,0.181656,REAL,True,0.486593,REAL,True,UNCHANGED,0.579293,0.860528,0.482428,0.732033,0.860528,0.036615,960,1280
13,WhatsApp Image 2026-09-17 at 3.38.22 PM.jpeg,REAL,0,0.070591,REAL,True,0.305802,REAL,True,UNCHANGED,0.05245,0.6796,0.6796,0.543429,0.04284,0.044067,1042,1280
14,WhatsApp Image 2026-09-17 at 3.40.06 PM (1).jpeg,REAL,0,0.032762,REAL,True,0.413388,REAL,True,UNCHANGED,0.272622,0.798989,0.150908,0.453016,0.528223,0.798989,1280,960
15,WhatsApp Image 2026-09-17 at 3.40.06 PM.jpeg,REAL,0,0.01302,REAL,True,0.009627,REAL,True,UNCHANGED,0.001417,0.123137,0.016087,0.024361,0.123137,0.006229,596,1280
16,WhatsApp Image 2026-09-17 at 3.44.10 PM (1).jpeg,REAL,0,0.014107,REAL,True,0.744056,AI,False,REAL->AI,0.55333,0.918664,0.819488,0.918664,0.419514,0.544986,960,1280
17,WhatsApp Image 2026-09-17 at 3.44.10 PM (2).jpeg,REAL,0,0.00381,REAL,True,0.111449,REAL,True,UNCHANGED,0.638577,0.765213,0.004202,0.077463,0.236929,0.765213,960,1280
18,WhatsApp Image 2026-09-17 at 3.44.10 PM (3).jpeg,REAL,0,0.047109,REAL,True,0.719977,AI,False,REAL->AI,0.940922,0.899886,0.252393,0.841145,0.236152,0.899886,960,1280
19,WhatsApp Image 2026-09-17 at 3.44.10 PM (4).jpeg,REAL,0,0.045278,REAL,True,0.12058,REAL,True,UNCHANGED,0.293502,0.763902,0.04131,0.339751,0.763902,0.211853,960,1280
20,WhatsApp Image 2026-09-17 at 3.44.10 PM (7).jpeg,REAL,0,0.000503,REAL,True,0.012153,REAL,True,UNCHANGED,0.00159,0.169569,0.018237,0.004608,0.036652,0.169569,720,1280
21,WhatsApp Image 2026-09-17 at 3.44.11 PM (1).jpeg,REAL,0,0.043874,REAL,True,0.218082,REAL,True,UNCHANGED,0.016835,0.996512,0.159163,0.996512,0.000393,0.708803,720,1280
22,WhatsApp Image 2026-09-17 at 3.44.11 PM (10).jpeg,REAL,0,0.316896,REAL,True,0.011874,REAL,True,UNCHANGED,0.00053,0.200247,0.200247,0.022872,0.024535,0.014683,1280,720
23,WhatsApp Image 2026-09-17 at 3.44.11 PM (11).jpeg,REAL,0,0.062603,REAL,True,0.115154,REAL,True,UNCHANGED,0.089705,0.913224,0.357395,0.017279,0.113349,0.913224,720,1280
24,WhatsApp Image 2026-09-17 at 3.44.11 PM (12).jpeg,REAL,0,0.411936,REAL,True,0.360786,REAL,True,UNCHANGED,0.784079,0.844528,0.01174,0.079161,0.249432,0.844528,591,1280
25,WhatsApp Image 2026-09-17 at 3.44.11 PM (13).jpeg,REAL,0,0.349587,REAL,True,0.323764,REAL,True,UNCHANGED,0.186174,0.964884,0.406411,0.012237,0.964884,0.858114,720,1280
26,WhatsApp Image 2026-09-17 at 3.44.11 PM (14).jpeg,REAL,0,0.149341,REAL,True,0.415035,REAL,True,UNCHANGED,0.399646,0.560768,0.40258,0.560768,0.396035,0.245365,591,1280
27,WhatsApp Image 2026-09-17 at 3.44.11 PM (15).jpeg,REAL,0,0.164497,REAL,True,0.389019,REAL,True,UNCHANGED,0.852959,0.815046,0.229288,0.815046,0.205814,0.244274,591,1280
28,WhatsApp Image 2026-09-17 at 3.44.11 PM (2).jpeg,REAL,0,0.000119,REAL,True,0.006782,REAL,True,UNCHANGED,0.000306,0.115191,0.000449,0.019459,0.115191,0.104214,720,1280
29,WhatsApp Image 2026-09-17 at 3.44.11 PM (3).jpeg,REAL,0,0.513592,AI,False,0.862229,AI,False,UNCHANGED,0.844744,0.961939,0.961939,0.564974,0.769841,0.739893,720,1280
30,WhatsApp Image 2026-09-17 at 3.44.11 PM (4).jpeg,REAL,0,4e-06,REAL,True,0.000352,REAL,True,UNCHANGED,0.000108,0.048133,0.000453,0.048133,5e-06,0.003033,720,1280
31,WhatsApp Image 2026-09-17 at 3.44.11 PM (5).jpeg,REAL,0,0.171214,REAL,True,0.129638,REAL,True,UNCHANGED,0.683264,0.831783,0.002566,0.027393,0.607198,0.831783,960,1280
32,WhatsApp Image 2026-09-17 at 3.44.11 PM (7).jpeg,REAL,0,0.007339,REAL,True,0.009255,REAL,True,UNCHANGED,0.002276,0.207554,0.013705,0.207554,0.000214,0.021624,960,1280
33,WhatsApp Image 2026-09-17 at 3.44.11 PM (8).jpeg,REAL,0,0.046825,REAL,True,0.0932,REAL,True,UNCHANGED,0.414214,0.167105,0.029602,0.167105,0.017594,0.076389,960,1280
34,WhatsApp Image 2026-09-17 at 3.44.11 PM.jpeg,REAL,0,0.007311,REAL,True,0.047124,REAL,True,UNCHANGED,0.036937,0.230501,0.039845,0.230501,0.036451,0.00856,720,1280
35,WhatsApp Image 2026-09-17 at 3.50.51 PM.jpeg,AI,1,0.238956,REAL,False,0.346767,REAL,False,UNCHANGED,0.88241,0.412953,0.127803,0.359976,0.412953,0.344721,592,1280
36,WhatsApp Image 2026-09-17 at 3.56.02 PM (1).jpeg,AI,1,0.068601,REAL,False,0.019809,REAL,False,UNCHANGED,9.5e-05,0.752809,0.358974,0.002804,0.752809,0.003863,1280,720
37,WhatsApp Image 2026-09-17 at 3.56.02 PM (2).jpeg,AI,1,0.179984,REAL,False,0.372509,REAL,False,UNCHANGED,0.935588,0.860561,0.009274,0.010511,0.558849,0.860561,592,1280
38,WhatsApp Image 2026-09-17 at 3.56.02 PM (3).jpeg,AI,1,0.736309,AI,True,0.889897,AI,True,UNCHANGED,0.984031,0.950937,0.290782,0.920426,0.950937,0.929538,719,1280
39,WhatsApp Image 2026-09-17 at 3.56.02 PM.jpeg,AI,1,0.079573,REAL,False,0.413155,REAL,False,UNCHANGED,0.393558,0.671813,0.671813,0.340898,0.298105,0.092013,592,1280
40,WhatsApp Image 2026-09-17 at 4.13.17 PM (1).jpeg,AI,1,0.002877,REAL,False,0.002866,REAL,False,UNCHANGED,0.000304,0.016898,0.000592,0.008275,0.016898,0.009148,720,1280
41,WhatsApp Image 2026-09-17 at 4.13.17 PM (2).jpeg,AI,1,0.804967,AI,True,0.915581,AI,True,UNCHANGED,0.976799,0.964866,0.964866,0.810525,0.902003,0.730264,720,1280
42,WhatsApp Image 2026-09-17 at 4.13.17 PM (3).jpeg,AI,1,0.731774,AI,True,0.828603,AI,True,UNCHANGED,0.413012,0.988897,0.749918,0.466102,0.979958,0.988897,960,1280
43,WhatsApp Image 2026-09-17 at 4.13.17 PM (4).jpeg,AI,1,0.169873,REAL,False,0.320063,REAL,False,UNCHANGED,0.346698,0.425382,0.299458,0.425382,0.006244,0.306018,960,1280
44,WhatsApp Image 2026-09-17 at 4.13.17 PM (5).jpeg,AI,1,0.551746,AI,True,0.669512,AI,True,UNCHANGED,0.275795,0.987077,0.987077,0.104308,0.788516,0.797716,720,1280
45,WhatsApp Image 2026-09-17 at 4.13.17 PM.jpeg,AI,1,0.000147,REAL,False,0.009656,REAL,False,UNCHANGED,0.001017,0.070438,0.001191,0.02601,0.037508,0.070438,720,1280
46,WhatsApp Image 2026-09-17 at 4.13.18 PM (1).jpeg,AI,1,0.677978,AI,True,0.756991,AI,True,UNCHANGED,0.57968,0.942235,0.825608,0.942235,0.717212,0.106403,1042,1280
47,WhatsApp Image 2026-09-17 at 4.13.18 PM (2).jpeg,AI,1,0.169366,REAL,False,0.769211,AI,True,REAL->AI,0.796192,0.920812,0.282202,0.80301,0.726128,0.920812,1280,960
48,WhatsApp Image 2026-09-17 at 4.13.18 PM (3).jpeg,AI,1,0.278086,REAL,False,0.98671,AI,True,REAL->AI,0.99775,0.995673,0.995031,0.99098,0.246464,0.995673,960,1280
49,WhatsApp Image 2026-09-17 at 4.13.18 PM (4).jpeg,AI,1,0.056615,REAL,False,0.055764,REAL,False,UNCHANGED,0.005819,0.445312,0.029549,0.189686,0.445312,0.085495,720,1280
50,WhatsApp Image 2026-09-17 at 4.13.18 PM (5).jpeg,AI,1,0.923497,AI,True,0.99641,AI,True,UNCHANGED,0.999001,0.999886,0.96883,0.900146,0.999886,0.994776,960,1280
51,WhatsApp Image 2026-09-17 at 4.13.18 PM (6).jpeg,AI,1,0.613432,AI,True,0.940416,AI,True,UNCHANGED,0.887652,0.993783,0.87713,0.993783,0.274756,0.977595,720,1280
52,WhatsApp Image 2026-09-17 at 4.13.18 PM.jpeg,AI,1,0.477154,REAL,False,0.389764,REAL,False,UNCHANGED,0.846022,0.890958,0.890958,0.050964,0.06791,0.002545,960,1280
53,WhatsApp Image 2026-09-17 at 4.28.11 PM (1).jpeg,AI,1,0.572812,AI,True,0.682094,AI,True,UNCHANGED,0.627353,0.907631,0.801798,0.907631,0.008609,0.306989,977,1280
54,WhatsApp Image 2026-09-17 at 4.28.11 PM (2).jpeg,AI,1,0.004699,REAL,False,0.056303,REAL,False,UNCHANGED,0.012847,0.978334,0.006028,0.042451,0.978334,0.10381,960,1280
55,WhatsApp Image 2026-09-17 at 4.28.11 PM (3).jpeg,AI,1,0.001602,REAL,False,0.004601,REAL,False,UNCHANGED,0.000203,0.247025,0.027796,0.247025,6.8e-05,0.007951,960,1280
56,WhatsApp Image 2026-09-17 at 4.28.11 PM (4).jpeg,AI,1,0.002055,REAL,False,0.426247,REAL,False,UNCHANGED,0.609745,0.874038,0.094294,0.874038,0.18745,0.82435,960,1280
57,WhatsApp Image 2026-09-17 at 4.28.11 PM (5).jpeg,AI,1,0.08368,REAL,False,0.071779,REAL,False,UNCHANGED,0.004172,0.749337,0.200792,0.001033,0.749337,0.451715,959,1280
58,WhatsApp Image 2026-09-17 at 4.28.11 PM (6).jpeg,AI,1,0.328357,REAL,False,0.655568,AI,True,REAL->AI,0.737007,0.951845,0.504959,0.951845,0.722926,0.023405,960,1280
59,WhatsApp Image 2026-09-17 at 4.28.11 PM (7).jpeg,AI,1,0.006001,REAL,False,0.030454,REAL,False,UNCHANGED,0.000726,0.128576,0.099398,0.128576,0.017767,0.036928,960,1280
60,WhatsApp Image 2026-09-17 at 4.28.11 PM.jpeg,AI,1,0.014942,REAL,False,0.302104,REAL,False,UNCHANGED,0.936818,0.279791,0.132235,0.029358,0.279791,0.102528,960,1280
61,WhatsApp Image 2026-09-17 at 4.31.09 PM.jpeg,AI,1,0.10633,REAL,False,0.223238,REAL,False,UNCHANGED,0.805694,0.546327,0.217125,0.546327,0.042668,0.044983,904,1280
62,WhatsApp Image 2026-09-17 at 4.37.12 PM (1).jpeg,AI,1,0.002245,REAL,False,0.030494,REAL,False,UNCHANGED,0.058331,0.578117,0.004259,0.119197,0.002073,0.578117,960,1280
63,WhatsApp Image 2026-09-17 at 4.37.12 PM (2).jpeg,AI,1,0.380877,REAL,False,0.629836,AI,True,REAL->AI,0.97859,0.94147,0.081264,0.094148,0.94147,0.857751,960,1280
64,WhatsApp Image 2026-09-17 at 4.37.12 PM (3).jpeg,AI,1,0.001948,REAL,False,0.46654,REAL,False,UNCHANGED,0.16531,0.752037,0.752037,0.410961,0.446263,0.316115,630,1280
65,WhatsApp Image 2026-09-17 at 4.37.12 PM.jpeg,AI,1,0.000676,REAL,False,0.567558,AI,True,REAL->AI,0.919478,0.911626,0.184102,0.099643,0.911626,0.504674,720,1280
66,WhatsApp Image 2026-09-17 at 4.39.57 PM (1).jpeg,AI,1,0.871706,AI,True,0.936553,AI,True,UNCHANGED,0.073551,0.995229,0.738451,0.955802,0.957895,0.995229,960,1280
67,WhatsApp Image 2026-09-17 at 4.39.57 PM.jpeg,AI,1,0.039989,REAL,False,0.198795,REAL,False,UNCHANGED,0.152733,0.542232,0.063844,0.464854,0.542232,0.005761,720,1280
